page_id,page_title,page_ns,revision_id,timestamp,contributor_id,contributor_name,bytes
3,|200Movies Wiki|,0,79,2018-01-25T21:27:46Z,32769624,|FANDOM|,698
3,|200Movies Wiki|,0,3,2018-01-25T21:27:50Z,32769624,|FANDOM|,698
339,|Alvin Seville|,0,368,2018-01-27T02:29:20Z,26870381,|LukeMan927|,1446
339,|Alvin Seville|,0,628,2018-02-08T16:14:07Z,26870381,|LukeMan927|,1486
542,|Amanda Celine Miller|,0,611,2018-02-05T03:58:19Z,26870381,|LukeMan927|,599
542,|Amanda Celine Miller|,0,612,2018-02-05T03:59:08Z,26870381,|LukeMan927|,714
469,|Amy Mizuno|,0,516,2018-01-31T16:00:12Z,26870381,|LukeMan927|,1301
546,|As You Wish, Amy You Might Never Meet Your Prince Charming If You Don't Try a Little or Take a Chance|,0,622,2018-02-06T17:03:36Z,26424341,|Ninosechi|,242
546,|As You Wish, Amy You Might Never Meet Your Prince Charming If You Don't Try a Little or Take a Chance|,0,624,2018-02-06T19:44:06Z,26870381,|LukeMan927|,291
546,|As You Wish, Amy You Might Never Meet Your Prince Charming If You Don't Try a Little or Take a Chance|,0,625,2018-02-06T19:44:22Z,26870381,|LukeMan927|,343
546,|As You Wish, Amy You Might Never Meet Your Prince Charming If You Don't Try a Little or Take a Chance|,0,626,2018-02-07T03:06:39Z,26870381,|LukeMan927|,362
102,|Ash Ketchum|,0,110,2018-01-25T21:51:12Z,26870381,|LukeMan927|,866
102,|Ash Ketchum|,0,127,2018-01-25T21:58:30Z,26870381,|LukeMan927|,1516
102,|Ash Ketchum|,0,165,2018-01-25T23:12:53Z,26870381,|LukeMan927|,1546
102,|Ash Ketchum|,0,259,2018-01-26T00:58:05Z,26870381,|LukeMan927|,1608
102,|Ash Ketchum|,0,670,2018-02-21T02:26:37Z,26870381,|LukeMan927|,1684
663,|Ash Ketchum's Roles|,0,785,2018-05-20T19:04:49Z,26424341,|Ninosechi|,29
566,|Atlantis: The Lost Empire (200Movies Style)|,0,659,2018-02-14T16:34:27Z,26424341,|Ninosechi|,550
566,|Atlantis: The Lost Empire (200Movies Style)|,0,660,2018-02-15T02:43:07Z,26870381,|LukeMan927|,573
157,|Bleach (200Movies Human Style)|,0,176,2018-01-25T23:35:25Z,26870381,|LukeMan927|,1419
157,|Bleach (200Movies Human Style)|,0,403,2018-01-27T19:34:52Z,26870381,|LukeMan927|,1592
157,|Bleach (200Movies Human Style)|,0,451,2018-01-28T19:26:44Z,26870381,|LukeMan927|,1668
157,|Bleach (200Movies Human Style)|,0,478,2018-01-29T03:11:01Z,26870381,|LukeMan927|,1725
157,|Bleach (200Movies Human Style)|,0,564,2018-01-31T21:18:06Z,26870381,|LukeMan927|,1758
157,|Bleach (200Movies Human Style)|,0,565,2018-01-31T21:51:53Z,26870381,|LukeMan927|,1828
157,|Bleach (200Movies Human Style)|,0,590,2018-02-01T18:34:11Z,26870381,|LukeMan927|,1894
157,|Bleach (200Movies Human Style)|,0,594,2018-02-02T16:26:47Z,26870381,|LukeMan927|,1957
157,|Bleach (200Movies Human Style)|,0,684,2018-02-27T22:12:12Z,26870381,|LukeMan927|,1988
157,|Bleach (200Movies Human Style)|,0,685,2018-02-27T22:13:46Z,26870381,|LukeMan927|,2035
530,|Brock|,0,589,2018-02-01T18:33:10Z,26870381,|LukeMan927|,1558
84,|Bubbles|,0,86,2018-01-25T21:37:13Z,26424341,|Ninosechi|,351
84,|Bubbles|,0,87,2018-01-25T21:38:18Z,26870381,|LukeMan927|,355
84,|Bubbles|,0,141,2018-01-25T22:12:04Z,26424341,|Ninosechi|,345
84,|Bubbles|,0,147,2018-01-25T22:14:24Z,26870381,|LukeMan927|,628
84,|Bubbles|,0,148,2018-01-25T22:14:52Z,26870381,|LukeMan927|,883
84,|Bubbles|,0,150,2018-01-25T22:26:04Z,26424341,|Ninosechi|,885
84,|Bubbles|,0,170,2018-01-25T23:15:59Z,26870381,|LukeMan927|,1229
84,|Bubbles|,0,465,2018-01-28T21:51:45Z,26870381,|LukeMan927|,1267
84,|Bubbles|,0,563,2018-01-31T21:17:18Z,26870381,|LukeMan927|,1288
84,|Bubbles|,0,805,2018-06-27T20:55:22Z,26424341,|Ninosechi|,1311
84,|Bubbles|,0,818,2018-07-13T15:46:05Z,26870381,|LukeMan927|,1340
84,|Bubbles|,0,819,2018-07-13T15:57:43Z,26424341,|Ninosechi|,1461
367,|Bubbles' Roles|,0,397,2018-01-27T19:25:36Z,26870381,|LukeMan927|,331
718,|Casey Jones|,0,880,2019-01-16T18:28:21Z,26424341,|Ninosechi|,23
297,|Chip|,0,319,2018-01-26T15:43:38Z,26870381,|LukeMan927|,1128
297,|Chip|,0,783,2018-04-30T17:27:35Z,26870381,|LukeMan927|,1216
386,|Chip's Laboratory|,0,419,2018-01-27T23:57:22Z,26870381,|LukeMan927|,1161
386,|Chip's Laboratory|,0,420,2018-01-27T23:59:40Z,26870381,|LukeMan927|,1228
386,|Chip's Laboratory|,0,459,2018-01-28T21:43:47Z,26870381,|LukeMan927|,1334
534,|Cindy Bear|,0,600,2018-02-04T16:03:32Z,26424341,|Ninosechi|,81
534,|Cindy Bear|,0,604,2018-02-05T03:54:28Z,26870381,|LukeMan927|,291
534,|Cindy Bear|,0,605,2018-02-05T03:54:46Z,26870381,|LukeMan927|,415
534,|Cindy Bear|,0,606,2018-02-05T03:55:32Z,26870381,|LukeMan927|,676
120,|Cristina Vee|,0,129,2018-01-25T22:00:45Z,26870381,|LukeMan927|,1056
120,|Cristina Vee|,0,479,2018-01-29T15:37:19Z,26424341,|Ninosechi|,1137
120,|Cristina Vee|,0,480,2018-01-29T20:31:02Z,26870381,|LukeMan927|,1188
505,|Daisy|,0,561,2018-01-31T21:16:46Z,26870381,|LukeMan927|,907
268,|Dale|,0,289,2018-01-26T02:54:31Z,26870381,|LukeMan927|,971
268,|Dale|,0,636,2018-02-09T15:45:57Z,26870381,|LukeMan927|,1004
268,|Dale|,0,802,2018-06-21T15:02:04Z,26870381,|LukeMan927|,1130
145,|Darien Chiba|,0,160,2018-01-25T23:10:00Z,26870381,|LukeMan927|,309
145,|Darien Chiba|,0,161,2018-01-25T23:10:39Z,26870381,|LukeMan927|,637
145,|Darien Chiba|,0,162,2018-01-25T23:12:01Z,26870381,|LukeMan927|,986
145,|Darien Chiba|,0,591,2018-02-01T18:40:35Z,26424341,|Ninosechi|,1006
677,|Disney Villains (200Movies Style)|,0,807,2018-07-13T12:04:06Z,26424341,|Ninosechi|,101
677,|Disney Villains (200Movies Style)|,0,812,2018-07-13T13:28:58Z,26870381,|LukeMan927|,75
677,|Disney Villains (200Movies Style)|,0,814,2018-07-13T13:42:07Z,26870381,|LukeMan927|,75
677,|Disney Villains (200Movies Style)|,0,816,2018-07-13T13:42:28Z,26870381,|LukeMan927|,92
644,|Fish Eye Traps Darien|,0,760,2018-04-10T12:51:50Z,26424341,|Ninosechi|,28
644,|Fish Eye Traps Darien|,0,762,2018-04-17T03:27:06Z,26870381,|LukeMan927|,220
252,|Gadget Hackwrench|,0,273,2018-01-26T01:08:10Z,26870381,|LukeMan927|,1306
252,|Gadget Hackwrench|,0,467,2018-01-29T03:03:12Z,26870381,|LukeMan927|,1346
252,|Gadget Hackwrench|,0,669,2018-02-20T01:41:05Z,26870381,|LukeMan927|,1393
252,|Gadget Hackwrench|,0,678,2018-02-25T03:23:04Z,26870381,|LukeMan927|,1417
252,|Gadget Hackwrench|,0,779,2018-04-28T20:37:19Z,26870381,|LukeMan927|,1455
252,|Gadget Hackwrench|,0,797,2018-06-18T00:25:22Z,26870381,|LukeMan927|,1506
252,|Gadget Hackwrench|,0,842,2018-10-18T18:44:15Z,26870381,|LukeMan927|,1557
252,|Gadget Hackwrench|,0,882,2019-01-27T17:19:43Z,26870381,|LukeMan927|,1604
316,|Haven Paschall|,0,342,2018-01-26T18:19:53Z,26870381,|LukeMan927|,478
647,|Hawk's Eye Traps Natsumi|,0,764,2018-04-19T16:20:30Z,26870381,|LukeMan927|,212
493,|Heather Hogwarsh|,0,542,2018-01-31T20:09:30Z,26870381,|LukeMan927|,1353
493,|Heather Hogwarsh|,0,543,2018-01-31T20:09:45Z,26870381,|LukeMan927|,1425
493,|Heather Hogwarsh|,0,548,2018-01-31T20:11:15Z,26870381,|LukeMan927|,1492
664,|I Figured it Out You Got Meatballs on the Sides of Your Head to Go with the Spaghetti Inside|,0,787,2018-05-25T18:11:41Z,26424341,|Ninosechi|,135
664,|I Figured it Out You Got Meatballs on the Sides of Your Head to Go with the Spaghetti Inside|,0,789,2018-05-30T01:37:36Z,26870381,|LukeMan927|,270
600,|Jafar|,0,709,2018-03-12T15:53:32Z,26424341,|Ninosechi|,94
127,|Johnny Bravo|,0,137,2018-01-25T22:05:31Z,26424341,|Ninosechi|,436
127,|Johnny Bravo|,0,149,2018-01-25T22:15:26Z,26870381,|LukeMan927|,465
127,|Johnny Bravo|,0,327,2018-01-26T15:52:49Z,26870381,|LukeMan927|,1205
317,|Johnny Bravo's Roles|,0,345,2018-01-26T20:09:29Z,26424341,|Ninosechi|,115
317,|Johnny Bravo's Roles|,0,346,2018-01-27T02:16:22Z,26870381,|LukeMan927|,278
717,|Kasumi Tendo|,0,878,2018-12-07T14:36:38Z,26870381,|LukeMan927|,824
586,|Kate Higgins|,0,688,2018-02-28T20:14:31Z,26870381,|LukeMan927|,975
564,|Kodachi Kuno|,0,652,2018-02-13T16:11:26Z,26870381,|LukeMan927|,905
564,|Kodachi Kuno|,0,653,2018-02-13T16:11:50Z,26870381,|LukeMan927|,962
564,|Kodachi Kuno|,0,654,2018-02-13T16:25:53Z,26424341,|Ninosechi|,981
564,|Kodachi Kuno|,0,655,2018-02-13T17:55:55Z,26870381,|LukeMan927|,994
383,|Lita Kino|,0,415,2018-01-27T23:52:00Z,26870381,|LukeMan927|,1104
383,|Lita Kino|,0,766,2018-04-24T04:05:30Z,26870381,|LukeMan927|,1140
438,|Littlefoot|,0,482,2018-01-30T01:44:24Z,26870381,|LukeMan927|,590
438,|Littlefoot|,0,859,2018-10-19T01:01:58Z,26870381,|LukeMan927|,1619
403,|Littlefoot 'n Arlo Rescue Rangers|,0,438,2018-01-28T01:47:06Z,26870381,|LukeMan927|,3636
403,|Littlefoot 'n Arlo Rescue Rangers|,0,860,2018-10-19T01:14:43Z,26870381,|LukeMan927|,3740
403,|Littlefoot 'n Arlo Rescue Rangers|,0,865,2018-10-27T16:22:53Z,26870381,|LukeMan927|,3825
403,|Littlefoot 'n Arlo Rescue Rangers|,0,879,2018-12-07T14:37:40Z,26870381,|LukeMan927|,3891
79,|Main Page|,0,80,2018-01-25T21:27:47Z,32769624,|FANDOM|,28
311,|Michelle Ruff|,0,337,2018-01-26T16:46:25Z,26870381,|LukeMan927|,950
93,|Misty|,0,96,2018-01-25T21:40:25Z,26424341,|Ninosechi|,606
93,|Misty|,0,97,2018-01-25T21:40:42Z,26424341,|Ninosechi|,628
93,|Misty|,0,106,2018-01-25T21:44:31Z,26424341,|Ninosechi|,628
93,|Misty|,0,108,2018-01-25T21:45:58Z,26870381,|LukeMan927|,665
93,|Misty|,0,400,2018-01-27T19:29:27Z,26870381,|LukeMan927|,1388
93,|Misty|,0,551,2018-01-31T20:12:19Z,26870381,|LukeMan927|,1430
93,|Misty|,0,821,2018-07-13T16:02:30Z,26424341,|Ninosechi|,1581
93,|Misty|,0,823,2018-07-13T16:24:24Z,26424341,|Ninosechi|,1610
93,|Misty|,0,825,2018-07-13T18:49:00Z,26424341,|Ninosechi|,1637
93,|Misty|,0,834,2018-07-25T20:23:19Z,26870381,|LukeMan927|,1638
94,|Nanao Ise|,0,98,2018-01-25T21:40:48Z,26870381,|LukeMan927|,711
94,|Nanao Ise|,0,99,2018-01-25T21:41:20Z,26870381,|LukeMan927|,849
94,|Nanao Ise|,0,549,2018-01-31T20:11:42Z,26870381,|LukeMan927|,891
234,|Olivia Flaversham|,0,254,2018-01-26T00:56:43Z,26870381,|LukeMan927|,893
234,|Olivia Flaversham|,0,552,2018-01-31T20:12:27Z,26870381,|LukeMan927|,935
578,|Peggy Jones|,0,675,2018-02-22T05:40:16Z,26870381,|LukeMan927|,584
653,|Perdita|,0,771,2018-04-24T04:12:25Z,26870381,|LukeMan927|,868
575,|Peter Pan and the Creatures (1983)|,0,672,2018-02-21T05:06:41Z,26870381,|LukeMan927|,1628
307,|Pokemon (200Movies Human Style)|,0,330,2018-01-26T15:54:12Z,26870381,|LukeMan927|,1843
307,|Pokemon (200Movies Human Style)|,0,332,2018-01-26T15:55:28Z,26870381,|LukeMan927|,2035
307,|Pokemon (200Movies Human Style)|,0,344,2018-01-26T18:21:51Z,26870381,|LukeMan927|,2087
307,|Pokemon (200Movies Human Style)|,0,417,2018-01-27T23:54:11Z,26870381,|LukeMan927|,2172
307,|Pokemon (200Movies Human Style)|,0,431,2018-01-28T01:40:09Z,26870381,|LukeMan927|,2196
307,|Pokemon (200Movies Human Style)|,0,553,2018-01-31T20:13:13Z,26870381,|LukeMan927|,2245
307,|Pokemon (200Movies Human Style)|,0,657,2018-02-14T00:59:48Z,26870381,|LukeMan927|,2292
389,|Pokemon Advanced Generation (200Movies Human Style)|,0,423,2018-01-28T01:32:46Z,26870381,|LukeMan927|,1123
389,|Pokemon Advanced Generation (200Movies Human Style)|,0,488,2018-01-30T02:54:16Z,26870381,|LukeMan927|,1278
389,|Pokemon Advanced Generation (200Movies Human Style)|,0,699,2018-03-04T02:37:02Z,26870381,|LukeMan927|,1331
394,|Pokemon Best Wishes (200Movies Human Style)|,0,428,2018-01-28T01:37:52Z,26870381,|LukeMan927|,859
394,|Pokemon Best Wishes (200Movies Human Style)|,0,490,2018-01-30T14:06:27Z,26870381,|LukeMan927|,944
391,|Pokemon Chronicles (200Movies Human Style)|,0,425,2018-01-28T01:35:05Z,26870381,|LukeMan927|,1155
393,|Pokemon Diamond and Pearl (200Movies Human Style)|,0,427,2018-01-28T01:36:50Z,26870381,|LukeMan927|,1057
401,|Pokemon Sun and Moon (200Movies Human Style)|,0,436,2018-01-28T01:44:01Z,26870381,|LukeMan927|,905
396,|Pokemon XY (200Movies Human Style)|,0,430,2018-01-28T01:39:01Z,26870381,|LukeMan927|,1009
582,|Pongo Doo, Where Are You!|,0,680,2018-02-27T14:04:38Z,26870381,|LukeMan927|,413
640,|Pongonatural|,0,754,2018-04-08T13:20:59Z,26424341,|Ninosechi|,179
451,|Rai|,0,497,2018-01-30T14:21:29Z,26870381,|LukeMan927|,812
446,|Rai Bravo|,0,492,2018-01-30T14:16:44Z,26870381,|LukeMan927|,874
446,|Rai Bravo|,0,500,2018-01-30T14:23:54Z,26870381,|LukeMan927|,987
225,|Raye Hino|,0,245,2018-01-26T00:50:25Z,26870381,|LukeMan927|,1115
225,|Raye Hino|,0,335,2018-01-26T16:31:39Z,26870381,|LukeMan927|,1204
225,|Raye Hino|,0,343,2018-01-26T18:20:18Z,26870381,|LukeMan927|,1266
225,|Raye Hino|,0,550,2018-01-31T20:11:56Z,26870381,|LukeMan927|,1308
225,|Raye Hino|,0,683,2018-02-27T21:58:24Z,26870381,|LukeMan927|,1376
225,|Raye Hino|,0,686,2018-02-27T22:15:56Z,26870381,|LukeMan927|,1502
225,|Raye Hino|,0,822,2018-07-13T16:04:51Z,26424341,|Ninosechi|,1622
225,|Raye Hino|,0,824,2018-07-13T17:51:14Z,26424341,|Ninosechi|,1626
225,|Raye Hino|,0,833,2018-07-25T20:20:57Z,26870381,|LukeMan927|,1619
225,|Raye Hino|,0,838,2018-09-10T18:21:10Z,26424341,|Ninosechi|,1652
225,|Raye Hino|,0,839,2018-10-12T19:16:32Z,26870381,|LukeMan927|,1655
225,|Raye Hino|,0,869,2018-11-10T02:32:28Z,26870381,|LukeMan927|,1741
227,|Raye Kisses Chad|,0,247,2018-01-26T00:52:17Z,26870381,|LukeMan927|,207
554,|Raye Startled|,0,638,2018-02-10T01:17:29Z,26870381,|LukeMan927|,293
598,|Rica Matsumoto|,0,701,2018-03-04T14:49:53Z,26870381,|LukeMan927|,1834
598,|Rica Matsumoto|,0,703,2018-03-04T15:17:30Z,26424341,|Ninosechi|,1854
598,|Rica Matsumoto|,0,704,2018-03-04T15:18:04Z,26424341,|Ninosechi|,1864
598,|Rica Matsumoto|,0,705,2018-03-12T14:59:38Z,26870381,|LukeMan927|,1870
598,|Rica Matsumoto|,0,751,2018-03-26T04:46:30Z,26870381,|LukeMan927|,1962
598,|Rica Matsumoto|,0,758,2018-04-08T18:31:09Z,26870381,|LukeMan927|,2001
371,|Riruka Dokugamine|,0,402,2018-01-27T19:32:03Z,26870381,|LukeMan927|,723
371,|Riruka Dokugamine|,0,464,2018-01-28T21:46:40Z,26870381,|LukeMan927|,709
678,|Rourke|,0,808,2018-07-13T12:05:08Z,26424341,|Ninosechi|,410
678,|Rourke|,0,809,2018-07-13T13:28:04Z,26870381,|LukeMan927|,410
678,|Rourke|,0,811,2018-07-13T13:28:36Z,26870381,|LukeMan927|,507
678,|Rourke|,0,813,2018-07-13T13:29:35Z,26870381,|LukeMan927|,508
676,|Rourke Punches Milo|,0,804,2018-06-27T17:00:10Z,26424341,|Ninosechi|,31
172,|Rukia Kuchiki|,0,191,2018-01-26T00:19:13Z,26870381,|LukeMan927|,1272
533,|Sailor Mars Slaps Sailor Moon|,0,597,2018-02-02T18:08:38Z,26424341,|Ninosechi|,130
533,|Sailor Mars Slaps Sailor Moon|,0,599,2018-02-02T22:40:53Z,26870381,|LukeMan927|,134
533,|Sailor Mars Slaps Sailor Moon|,0,613,2018-02-05T04:23:58Z,26870381,|LukeMan927|,212
274,|Sailor Perdita|,0,296,2018-01-26T15:32:29Z,26870381,|LukeMan927|,2264
274,|Sailor Perdita|,0,777,2018-04-24T04:17:32Z,26870381,|LukeMan927|,2368
545,|Sailor Scouts|,0,619,2018-02-05T22:04:03Z,26424341,|Ninosechi|,276
545,|Sailor Scouts|,0,620,2018-02-06T01:28:58Z,26870381,|LukeMan927|,291
443,|Sarah Natochenny|,0,487,2018-01-30T02:52:12Z,26870381,|LukeMan927|,546
681,|Serena|,0,826,2018-07-13T21:42:55Z,26424341,|Ninosechi|,142
681,|Serena|,0,829,2018-07-25T20:18:27Z,26870381,|LukeMan927|,142
681,|Serena|,0,831,2018-07-25T20:19:07Z,26870381,|LukeMan927|,158
192,|Serena Tsukino|,0,212,2018-01-26T00:31:56Z,26870381,|LukeMan927|,1356
192,|Serena Tsukino|,0,291,2018-01-26T02:55:01Z,26870381,|LukeMan927|,1387
192,|Serena Tsukino|,0,440,2018-01-28T02:26:24Z,26870381,|LukeMan927|,1434
192,|Serena Tsukino|,0,820,2018-07-13T16:01:04Z,26424341,|Ninosechi|,1589
192,|Serena Tsukino|,0,827,2018-07-14T13:17:35Z,26424341,|Ninosechi|,1622
192,|Serena Tsukino|,0,828,2018-07-14T13:19:58Z,26424341,|Ninosechi|,1607
192,|Serena Tsukino|,0,832,2018-07-25T20:20:02Z,26870381,|LukeMan927|,1631
192,|Serena Tsukino|,0,837,2018-08-06T01:44:17Z,26870381,|LukeMan927|,1671
192,|Serena Tsukino|,0,873,2018-12-07T13:21:05Z,26870381,|LukeMan927|,1760
603,|Silence How Dare You Speak to a Princess Like That|,0,713,2018-03-17T05:05:44Z,26870381,|LukeMan927|,258
485,|Simon Seville|,0,532,2018-01-31T16:08:27Z,26870381,|LukeMan927|,1201
601,|Simonladdin|,0,710,2018-03-12T15:56:00Z,26424341,|Ninosechi|,142
601,|Simonladdin|,0,711,2018-03-12T20:40:35Z,26870381,|LukeMan927|,167
670,|Sincerity Travers|,0,794,2018-06-07T05:11:04Z,26870381,|LukeMan927|,662
670,|Sincerity Travers|,0,795,2018-06-07T09:14:19Z,26424341,|Ninosechi|,707
544,|Stay out of this Okay Chad|,0,617,2018-02-05T14:39:01Z,26424341,|Ninosechi|,112
568,|Susan Roman|,0,662,2018-02-15T15:25:40Z,26870381,|LukeMan927|,1873
487,|Tara Jayne|,0,534,2018-01-31T16:14:54Z,26870381,|LukeMan927|,726
487,|Tara Jayne|,0,535,2018-01-31T16:15:50Z,26870381,|LukeMan927|,839
501,|Tatsuki Arisawa|,0,557,2018-01-31T21:12:31Z,26870381,|LukeMan927|,757
350,|Tea Gardner|,0,379,2018-01-27T18:18:50Z,26870381,|LukeMan927|,1308
350,|Tea Gardner|,0,384,2018-01-27T19:10:16Z,26870381,|LukeMan927|,1322
277,|The Great Guardian Cat Detective|,0,299,2018-01-26T15:34:36Z,26870381,|LukeMan927|,1754
423,|The Powerpuff Girls (200Movies Style)|,0,461,2018-01-28T21:45:28Z,26870381,|LukeMan927|,1493
549,|Tiger's Eye Traps Amy|,0,630,2018-02-08T18:14:25Z,26424341,|Ninosechi|,60
549,|Tiger's Eye Traps Amy|,0,632,2018-02-09T03:36:44Z,26870381,|LukeMan927|,130
549,|Tiger's Eye Traps Amy|,0,633,2018-02-09T03:37:09Z,26870381,|LukeMan927|,211
555,|Tiger's Eye Traps Raye|,0,641,2018-02-11T15:20:25Z,26424341,|Ninosechi|,16
555,|Tiger's Eye Traps Raye|,0,642,2018-02-11T15:23:09Z,26424341,|Ninosechi|,42
555,|Tiger's Eye Traps Raye|,0,644,2018-02-11T15:51:31Z,26870381,|LukeMan927|,164
398,|Tom Kane|,0,433,2018-01-28T01:42:01Z,26870381,|LukeMan927|,409
436,|Tracey Sketchit|,0,477,2018-01-29T03:10:34Z,26870381,|LukeMan927|,1021
455,|Tress MacNeille|,0,502,2018-01-30T19:30:07Z,26870381,|LukeMan927|,661
411,|Velma Dinkley|,0,447,2018-01-28T19:23:20Z,26870381,|LukeMan927|,974
271,|Veronica Taylor|,0,293,2018-01-26T15:24:45Z,26870381,|LukeMan927|,1007
558,|Veronika Neugebauer|,0,646,2018-02-12T03:07:07Z,26870381,|LukeMan927|,841
531,|Wally Wingert|,0,592,2018-02-01T18:42:15Z,26424341,|Ninosechi|,441
531,|Wally Wingert|,0,593,2018-02-01T18:44:49Z,26424341,|Ninosechi|,511
205,|Yoruichi Shihoin|,0,225,2018-01-26T00:42:42Z,26870381,|LukeMan927|,1190
570,|Yuri Shiratori|,0,664,2018-02-18T21:11:50Z,26870381,|LukeMan927|,424
15,|User:Avatar|,2,15,2018-01-25T21:27:50Z,32769624,|FANDOM|,17
34,|User:BertH|,2,34,2018-01-25T21:27:50Z,32769624,|FANDOM|,20
28,|User:CreateWiki script|,2,28,2018-01-25T21:27:50Z,32769624,|FANDOM|,161
489,|User:DaNASCAT|,2,538,2018-01-31T19:14:33Z,32794352,|FANDOMbot|,29
7,|User:Default|,2,7,2018-01-25T21:27:50Z,32769624,|FANDOM|,233
10,|User:Edit page script|,2,10,2018-01-25T21:27:50Z,32769624,|FANDOM|,338
17,|User:Kirkburn|,2,17,2018-01-25T21:27:50Z,32769624,|FANDOM|,24
87,|User:LukeMan927|,2,90,2018-01-25T21:38:23Z,32769624,|FANDOM|,232
87,|User:LukeMan927|,2,103,2018-01-25T21:43:34Z,26870381,|LukeMan927|,321
11,|User:Maintenance script|,2,11,2018-01-25T21:27:50Z,32769624,|FANDOM|,500
8,|User:MediaWiki default|,2,8,2018-01-25T21:27:50Z,32769624,|FANDOM|,464
35,|User:Mighty No. 9|,2,35,2018-01-25T21:27:50Z,32769624,|FANDOM|,29
83,|User:Ninosechi|,2,85,2018-01-25T21:32:50Z,26424341,|Ninosechi|,12
83,|User:Ninosechi|,2,130,2018-01-25T22:00:56Z,26424341,|Ninosechi|,17
83,|User:Ninosechi|,2,194,2018-01-26T00:20:46Z,26870381,|LukeMan927|,111
83,|User:Ninosechi|,2,334,2018-01-26T15:56:32Z,26870381,|LukeMan927|,155
83,|User:Ninosechi|,2,595,2018-02-02T18:06:48Z,26424341,|Ninosechi|,191
83,|User:Ninosechi|,2,598,2018-02-02T18:20:22Z,26424341,|Ninosechi|,233
83,|User:Ninosechi|,2,615,2018-02-05T14:36:22Z,26424341,|Ninosechi|,274
83,|User:Ninosechi|,2,616,2018-02-05T14:38:00Z,26424341,|Ninosechi|,266
83,|User:Ninosechi|,2,618,2018-02-05T21:59:09Z,26424341,|Ninosechi|,286
83,|User:Ninosechi|,2,621,2018-02-06T17:02:51Z,26424341,|Ninosechi|,394
83,|User:Ninosechi|,2,629,2018-02-08T18:13:19Z,26424341,|Ninosechi|,422
83,|User:Ninosechi|,2,640,2018-02-11T15:20:01Z,26424341,|Ninosechi|,423
83,|User:Ninosechi|,2,658,2018-02-14T16:26:37Z,26424341,|Ninosechi|,473
83,|User:Ninosechi|,2,706,2018-03-12T15:05:09Z,26424341,|Ninosechi|,532
83,|User:Ninosechi|,2,707,2018-03-12T15:50:56Z,26424341,|Ninosechi|,526
83,|User:Ninosechi|,2,708,2018-03-12T15:52:23Z,26424341,|Ninosechi|,539
83,|User:Ninosechi|,2,750,2018-03-26T04:45:45Z,26870381,|LukeMan927|,513
83,|User:Ninosechi|,2,752,2018-03-31T16:57:10Z,26424341,|Ninosechi|,532
83,|User:Ninosechi|,2,753,2018-04-08T12:43:50Z,26424341,|Ninosechi|,552
83,|User:Ninosechi|,2,759,2018-04-10T12:51:25Z,26424341,|Ninosechi|,581
83,|User:Ninosechi|,2,784,2018-05-13T19:15:46Z,26424341,|Ninosechi|,620
83,|User:Ninosechi|,2,786,2018-05-25T18:10:23Z,26424341,|Ninosechi|,719
83,|User:Ninosechi|,2,803,2018-06-27T16:59:52Z,26424341,|Ninosechi|,746
83,|User:Ninosechi|,2,806,2018-07-13T11:33:45Z,26424341,|Ninosechi|,787
83,|User:Ninosechi|,2,817,2018-07-13T13:42:49Z,26870381,|LukeMan927|,787
32,|User:Semanticdrifter|,2,32,2018-01-25T21:27:50Z,32769624,|FANDOM|,30
31,|User:TimmyQuivy|,2,31,2018-01-25T21:27:50Z,32769624,|FANDOM|,24
31,|User:TimmyQuivy|,2,537,2018-01-31T19:14:32Z,32794352,|FANDOMbot|,24
76,|User:Wikia|,2,76,2018-01-25T21:27:50Z,32769624,|FANDOM|,18
33,|User:Wikia Video Library|,2,33,2018-01-25T21:27:50Z,32769624,|FANDOM|,217
6,|200Movies Wiki:About|,4,6,2018-01-25T21:27:50Z,32769624,|FANDOM|,174
1,|200Movies Wiki:Copyrights|,4,1,2018-01-25T21:27:50Z,32769624,|FANDOM|,397
14,|200Movies Wiki:Templates|,4,14,2018-01-25T21:27:50Z,32769624,|FANDOM|,2471
444,|File:300px-Best Wishes Season 2 Decolora Adventure 200Movies.png|,6,489,2018-01-30T14:06:23Z,26870381,|LukeMan927|,0
392,|File:300px-Sinnoh group 200Movies poster.png|,6,426,2018-01-28T01:36:17Z,26870381,|LukeMan927|,0
706,|File:Ali-0.png|,6,864,2018-10-27T16:22:15Z,26870381,|LukeMan927|,0
703,|File:Ali.png|,6,861,2018-10-27T16:21:20Z,26870381,|LukeMan927|,0
705,|File:Ali in The Land Before Time (Series).jpg|,6,863,2018-10-27T16:22:10Z,26870381,|LukeMan927|,0
704,|File:Ali in The Land Before Time 4 Journey Through the Mists.jpg|,6,862,2018-10-27T16:22:05Z,26870381,|LukeMan927|,0
324,|File:Alvin Seville.jpg|,6,353,2018-01-27T02:23:56Z,26870381,|LukeMan927|,0
338,|File:Alvin Seville Mad.jpg|,6,367,2018-01-27T02:27:52Z,26870381,|LukeMan927|,0
337,|File:Alvin Seville Smiling.jpg|,6,366,2018-01-27T02:27:45Z,26870381,|LukeMan927|,0
333,|File:Alvin Seville in A Chipmunk Celebration.jpg|,6,362,2018-01-27T02:26:57Z,26870381,|LukeMan927|,0
326,|File:Alvin Seville in A Chipmunk Christmas.jpg|,6,355,2018-01-27T02:25:35Z,26870381,|LukeMan927|,0
329,|File:Alvin Seville in A Chipmunk Reunion.jpg|,6,358,2018-01-27T02:25:52Z,26870381,|LukeMan927|,0
327,|File:Alvin Seville in Alvin and The Chipmunks.jpg|,6,356,2018-01-27T02:25:40Z,26870381,|LukeMan927|,0
332,|File:Alvin Seville in Alvin and The Chipmunks Trick or Treason.jpg|,6,361,2018-01-27T02:26:51Z,26870381,|LukeMan927|,0
335,|File:Alvin Seville in Alvin and the Chipmunks Meet Frankenstein.jpg|,6,364,2018-01-27T02:27:08Z,26870381,|LukeMan927|,0
336,|File:Alvin Seville in Alvin and the Chipmunks Meet the Wolfman.jpg|,6,365,2018-01-27T02:27:14Z,26870381,|LukeMan927|,0
548,|File:Alvin Seville in Back to Our Future.png|,6,627,2018-02-08T16:14:05Z,26870381,|LukeMan927|,0
331,|File:Alvin Seville in Cartoon All-Stars to the Rescue.jpg|,6,360,2018-01-27T02:26:45Z,26870381,|LukeMan927|,0
328,|File:Alvin Seville in I Love the Chipmunks Valentine Special.jpg|,6,357,2018-01-27T02:25:46Z,26870381,|LukeMan927|,0
325,|File:Alvin Seville in The Alvin Show.jpg|,6,354,2018-01-27T02:25:25Z,26870381,|LukeMan927|,0
330,|File:Alvin Seville in The Chipmunk Adventure.jpg|,6,359,2018-01-27T02:25:57Z,26870381,|LukeMan927|,0
334,|File:Alvin Seville in The Easter Chipmunk.jpg|,6,363,2018-01-27T02:27:03Z,26870381,|LukeMan927|,0
541,|File:Amanda Celine Miller.jpg|,6,610,2018-02-05T03:57:45Z,26870381,|LukeMan927|,0
550,|File:Amy Gets Trapped.jpg|,6,631,2018-02-09T03:36:32Z,26870381,|LukeMan927|,0
550,|File:Amy Gets Trapped.jpg|,6,639,2018-02-10T20:49:19Z,26870381,|LukeMan927|,0
458,|File:Amy Mizuno.jpg|,6,505,2018-01-31T15:51:33Z,26870381,|LukeMan927|,0
467,|File:Amy Mizuno.png|,6,514,2018-01-31T15:58:50Z,26870381,|LukeMan927|,0
468,|File:Amy Mizuno Mad.jpg|,6,515,2018-01-31T15:58:56Z,26870381,|LukeMan927|,0
276,|File:Artemis as Basil the great Mouse Detective.jpg|,6,298,2018-01-26T15:34:04Z,26870381,|LukeMan927|,0
101,|File:Ash Ketchum.jpg|,6,109,2018-01-25T21:47:33Z,26870381,|LukeMan927|,0
103,|File:Ash Ketchum (TV Series).jpg|,6,111,2018-01-25T21:52:18Z,26870381,|LukeMan927|,0
118,|File:Ash Ketchum Angry.jpg|,6,126,2018-01-25T21:56:37Z,26870381,|LukeMan927|,0
116,|File:Ash Ketchum Shocked.jpg|,6,124,2018-01-25T21:56:27Z,26870381,|LukeMan927|,0
117,|File:Ash Ketchum Surprised.jpg|,6,125,2018-01-25T21:56:32Z,26870381,|LukeMan927|,0
106,|File:Ash Ketchum in Pokemon 3 the Movie.jpg|,6,114,2018-01-25T21:53:54Z,26870381,|LukeMan927|,0
108,|File:Ash Ketchum in Pokemon 4Ever.jpg|,6,116,2018-01-25T21:54:06Z,26870381,|LukeMan927|,0
112,|File:Ash Ketchum in Pokemon Chronicles.jpg|,6,120,2018-01-25T21:55:34Z,26870381,|LukeMan927|,0
111,|File:Ash Ketchum in Pokemon Destiny Deoxys.jpg|,6,119,2018-01-25T21:54:54Z,26870381,|LukeMan927|,0
109,|File:Ash Ketchum in Pokemon Heroes.jpg|,6,117,2018-01-25T21:54:37Z,26870381,|LukeMan927|,0
110,|File:Ash Ketchum in Pokemon Jirachi Wish Maker.jpg|,6,118,2018-01-25T21:54:49Z,26870381,|LukeMan927|,0
113,|File:Ash Ketchum in Pokemon Lucario and the Mystery of Mew.jpg|,6,121,2018-01-25T21:55:41Z,26870381,|LukeMan927|,0
107,|File:Ash Ketchum in Pokemon Mewtwo Returns.jpg|,6,115,2018-01-25T21:54:00Z,26870381,|LukeMan927|,0
115,|File:Ash Ketchum in Pokemon Ranger and the Temple of the Sea.jpg|,6,123,2018-01-25T21:55:57Z,26870381,|LukeMan927|,0
104,|File:Ash Ketchum in Pokemon the First Movie.jpg|,6,112,2018-01-25T21:52:25Z,26870381,|LukeMan927|,0
105,|File:Ash Ketchum in Pokemon the Movie 2000.jpg|,6,113,2018-01-25T21:52:31Z,26870381,|LukeMan927|,0
114,|File:Ash Ketchum in The Mastermind of Mirage Pokemon.jpg|,6,122,2018-01-25T21:55:48Z,26870381,|LukeMan927|,0
156,|File:Bleach 200Movies style.jpg|,6,175,2018-01-25T23:34:51Z,26870381,|LukeMan927|,0
507,|File:Brock.jpg|,6,566,2018-02-01T17:41:14Z,26870381,|LukeMan927|,0
508,|File:Brock (TV Series).jpg|,6,567,2018-02-01T18:23:27Z,26870381,|LukeMan927|,0
511,|File:Brock in Pokemon 3 the Movie.jpg|,6,570,2018-02-01T18:24:25Z,26870381,|LukeMan927|,0
513,|File:Brock in Pokemon 4Ever.jpg|,6,572,2018-02-01T18:25:35Z,26870381,|LukeMan927|,0
523,|File:Brock in Pokemon Arceus and the Jewel of Life.jpg|,6,582,2018-02-01T18:30:39Z,26870381,|LukeMan927|,0
517,|File:Brock in Pokemon Chronicles.jpg|,6,576,2018-02-01T18:26:00Z,26870381,|LukeMan927|,0
527,|File:Brock in Pokemon Cilan and Brock! Gyaradosâ€™s Imperial Rage!!.jpg|,6,586,2018-02-01T18:31:21Z,26870381,|LukeMan927|,0
516,|File:Brock in Pokemon Destiny Deoxys.jpg|,6,575,2018-02-01T18:25:54Z,26870381,|LukeMan927|,0
522,|File:Brock in Pokemon Giratina and the Sky Warrior.jpg|,6,581,2018-02-01T18:30:27Z,26870381,|LukeMan927|,0
514,|File:Brock in Pokemon Heroes.jpg|,6,573,2018-02-01T18:25:43Z,26870381,|LukeMan927|,0
515,|File:Brock in Pokemon Jirachi Wish Maker.jpg|,6,574,2018-02-01T18:25:49Z,26870381,|LukeMan927|,0
518,|File:Brock in Pokemon Lucario and the Mystery of Mew.jpg|,6,577,2018-02-01T18:26:12Z,26870381,|LukeMan927|,0
512,|File:Brock in Pokemon Mewtwo Returns.jpg|,6,571,2018-02-01T18:24:32Z,26870381,|LukeMan927|,0
526,|File:Brock in Pokemon Orgins.jpg|,6,585,2018-02-01T18:31:09Z,26870381,|LukeMan927|,0
525,|File:Brock in Pokemon Pewter Gym - The Greatest Crisis Ever.jpg|,6,584,2018-02-01T18:31:00Z,26870381,|LukeMan927|,0
529,|File:Brock in Pokemon Puzzle League.jpg|,6,588,2018-02-01T18:31:45Z,26870381,|LukeMan927|,0
520,|File:Brock in Pokemon Ranger and the Temple of the Sea.jpg|,6,579,2018-02-01T18:26:58Z,26870381,|LukeMan927|,0
521,|File:Brock in Pokemon The Rise of Darkrai.jpg|,6,580,2018-02-01T18:30:14Z,26870381,|LukeMan927|,0
524,|File:Brock in Pokemon Zoroark Master of Illusions.jpg|,6,583,2018-02-01T18:30:49Z,26870381,|LukeMan927|,0
509,|File:Brock in Pokemon the First Movie.jpg|,6,568,2018-02-01T18:23:37Z,26870381,|LukeMan927|,0
510,|File:Brock in Pokemon the Movie 2000.jpg|,6,569,2018-02-01T18:23:48Z,26870381,|LukeMan927|,0
519,|File:Brock in The Mastermind of Mirage Pokemon.jpg|,6,578,2018-02-01T18:26:25Z,26870381,|LukeMan927|,0
528,|File:Brock in the Pokemon Shorts.jpg|,6,587,2018-02-01T18:31:36Z,26870381,|LukeMan927|,0
128,|File:Bubbles.png|,6,138,2018-01-25T22:07:20Z,26870381,|LukeMan927|,0
131,|File:Bubbles (1998).jpg|,6,142,2018-01-25T22:12:28Z,26870381,|LukeMan927|,0
132,|File:Bubbles (TV Series).jpg|,6,143,2018-01-25T22:12:54Z,26870381,|LukeMan927|,0
135,|File:Bubbles Angry.jpg|,6,146,2018-01-25T22:13:13Z,26870381,|LukeMan927|,0
134,|File:Bubbles in The Powerpuff Girls 'Twas the Fight Before Christmas.jpg|,6,145,2018-01-25T22:13:08Z,26870381,|LukeMan927|,0
133,|File:Bubbles in The Powerpuff Girls Movie.jpg|,6,144,2018-01-25T22:13:03Z,26870381,|LukeMan927|,0
129,|File:Bubbles in The Whoopass Girls.jpg|,6,139,2018-01-25T22:11:45Z,26870381,|LukeMan927|,0
130,|File:Bubbles in What a Cartoon.jpg|,6,140,2018-01-25T22:11:53Z,26870381,|LukeMan927|,0
642,|File:Buttercup Powerpuff Girls Z.png|,6,756,2018-04-08T18:30:39Z,26870381,|LukeMan927|,0
643,|File:Buttercup in The Powerpuff Girls Z.jpg|,6,757,2018-04-08T18:30:45Z,26870381,|LukeMan927|,0
385,|File:Chip's Lab.jpg|,6,418,2018-01-27T23:56:29Z,26870381,|LukeMan927|,0
295,|File:Chip-0.jpg|,6,317,2018-01-26T15:42:48Z,26870381,|LukeMan927|,0
296,|File:Chip-1.jpg|,6,318,2018-01-26T15:42:53Z,26870381,|LukeMan927|,0
280,|File:Chip.jpg|,6,302,2018-01-26T15:37:09Z,26870381,|LukeMan927|,0
281,|File:Chip (TV Series).jpg|,6,303,2018-01-26T15:39:36Z,26870381,|LukeMan927|,0
661,|File:Chip in A Lad in the Lamp.png|,6,781,2018-04-30T17:27:04Z,26870381,|LukeMan927|,0
285,|File:Chip in Adventures in Squirrelsitting.png|,6,307,2018-01-26T15:40:07Z,26870381,|LukeMan927|,0
290,|File:Chip in An Elephant Never Suspects.png|,6,312,2018-01-26T15:41:28Z,26870381,|LukeMan927|,0
289,|File:Chip in Battle of the Bulge.png|,6,311,2018-01-26T15:41:22Z,26870381,|LukeMan927|,0
287,|File:Chip in Bearing Up Baby.png|,6,309,2018-01-26T15:41:06Z,26870381,|LukeMan927|,0
291,|File:Chip in Chipwrecked Shipmunks.png|,6,313,2018-01-26T15:41:34Z,26870381,|LukeMan927|,0
284,|File:Chip in Kiwi's Big Adventure.png|,6,306,2018-01-26T15:40:00Z,26870381,|LukeMan927|,0
292,|File:Chip in Out of Scale.png|,6,314,2018-01-26T15:41:56Z,26870381,|LukeMan927|,0
283,|File:Chip in Out to Launch.png|,6,305,2018-01-26T15:39:53Z,26870381,|LukeMan927|,0
282,|File:Chip in Piratsy Under the Seas.png|,6,304,2018-01-26T15:39:44Z,26870381,|LukeMan927|,0
662,|File:Chip in Seer No Evil.png|,6,782,2018-04-30T17:27:19Z,26870381,|LukeMan927|,0
286,|File:Chip in The Carpetsnaggers.png|,6,308,2018-01-26T15:40:16Z,26870381,|LukeMan927|,0
288,|File:Chip in The Luck Stops Here.png|,6,310,2018-01-26T15:41:17Z,26870381,|LukeMan927|,0
293,|File:Chip in The S.S. Drainpipe.png|,6,315,2018-01-26T15:42:03Z,26870381,|LukeMan927|,0
294,|File:Chip in They Shoot Dogs, Don't They.png|,6,316,2018-01-26T15:42:41Z,26870381,|LukeMan927|,0
660,|File:Chip in To the Rescue Part 1.png|,6,780,2018-04-30T17:26:49Z,26870381,|LukeMan927|,0
535,|File:Cindy Bear.gif|,6,601,2018-02-05T03:51:24Z,26870381,|LukeMan927|,0
536,|File:Cindy Bear in Hey There, It's Yogi Bear.jpg|,6,602,2018-02-05T03:54:03Z,26870381,|LukeMan927|,0
537,|File:Cindy Bear in Yogi and the Invasion of the Space Bears.jpg|,6,603,2018-02-05T03:54:18Z,26870381,|LukeMan927|,0
119,|File:Cristina Valenzuela.jpg|,6,128,2018-01-25T21:59:22Z,26870381,|LukeMan927|,0
502,|File:Daisy.png|,6,558,2018-01-31T21:13:45Z,26870381,|LukeMan927|,0
503,|File:Daisy (TV Series).jpg|,6,559,2018-01-31T21:15:33Z,26870381,|LukeMan927|,0
504,|File:Daisy in Pokemon Chronicles.jpg|,6,560,2018-01-31T21:15:38Z,26870381,|LukeMan927|,0
267,|File:Dale-0.jpg|,6,288,2018-01-26T02:53:16Z,26870381,|LukeMan927|,0
254,|File:Dale.jpg|,6,275,2018-01-26T02:39:24Z,26870381,|LukeMan927|,0
255,|File:Dale (TV Series).jpg|,6,276,2018-01-26T02:47:40Z,26870381,|LukeMan927|,0
264,|File:Dale in A Case of Stage Blight.png|,6,285,2018-01-26T02:52:54Z,26870381,|LukeMan927|,0
672,|File:Dale in A Lad in a Lamp.png|,6,798,2018-06-21T15:00:20Z,26870381,|LukeMan927|,0
262,|File:Dale in An Elephant Never Suspects.png|,6,283,2018-01-26T02:52:33Z,26870381,|LukeMan927|,0
261,|File:Dale in Battle of the Bulge.png|,6,282,2018-01-26T02:51:19Z,26870381,|LukeMan927|,0
259,|File:Dale in Bearing Up Baby.png|,6,280,2018-01-26T02:48:37Z,26870381,|LukeMan927|,0
256,|File:Dale in Chip 'n Dale Rescue Rangers.jpg|,6,277,2018-01-26T02:47:44Z,26870381,|LukeMan927|,0
263,|File:Dale in Chipwrecked Shipmunks.png|,6,284,2018-01-26T02:52:48Z,26870381,|LukeMan927|,0
675,|File:Dale in Parental Discretion Retired.png|,6,801,2018-06-21T15:01:37Z,26870381,|LukeMan927|,0
257,|File:Dale in Piratsy Under the Seas.png|,6,278,2018-01-26T02:47:50Z,26870381,|LukeMan927|,0
674,|File:Dale in Seer No Evil.png|,6,800,2018-06-21T15:00:51Z,26870381,|LukeMan927|,0
258,|File:Dale in The Carpetsnaggers.png|,6,279,2018-01-26T02:48:31Z,26870381,|LukeMan927|,0
260,|File:Dale in The Luck Stops Here.png|,6,281,2018-01-26T02:48:43Z,26870381,|LukeMan927|,0
265,|File:Dale in The S.S. Drainpipe.png|,6,286,2018-01-26T02:53:04Z,26870381,|LukeMan927|,0
266,|File:Dale in They Shoot Dogs, Don't They.png|,6,287,2018-01-26T02:53:10Z,26870381,|LukeMan927|,0
552,|File:Dale in To the Rescue Part 1.png|,6,635,2018-02-09T15:45:31Z,26870381,|LukeMan927|,0
673,|File:Dale in To the Rescue Part 2.png|,6,799,2018-06-21T15:00:34Z,26870381,|LukeMan927|,0
144,|File:Darien-0.jpg|,6,159,2018-01-25T23:09:31Z,26870381,|LukeMan927|,0
136,|File:Darien.jpg|,6,151,2018-01-25T23:04:31Z,26870381,|LukeMan927|,0
645,|File:Darien Gets Trapped.jpg|,6,761,2018-04-17T03:26:51Z,26870381,|LukeMan927|,0
30,|File:Example.jpg|,6,30,2018-01-25T21:27:50Z,32769624,|FANDOM|,130
580,|File:Gadget Hackwrench-0.jpg|,6,677,2018-02-25T03:22:44Z,26870381,|LukeMan927|,0
251,|File:Gadget Hackwrench.jpg|,6,272,2018-01-26T01:05:08Z,26870381,|LukeMan927|,0
240,|File:Gadget Hackwrench.png|,6,261,2018-01-26T01:00:00Z,26870381,|LukeMan927|,0
241,|File:Gadget Hackwrench (TV Series).jpg|,6,262,2018-01-26T01:00:55Z,26870381,|LukeMan927|,0
573,|File:Gadget Hackwrench in A Fly in the Ointment.png|,6,668,2018-02-20T01:39:41Z,26870381,|LukeMan927|,0
243,|File:Gadget Hackwrench in Adventures in Squirrelsitting.png|,6,264,2018-01-26T01:02:08Z,26870381,|LukeMan927|,0
247,|File:Gadget Hackwrench in An Elephant Never Suspects.png|,6,268,2018-01-26T01:04:17Z,26870381,|LukeMan927|,0
246,|File:Gadget Hackwrench in Battle of the Bulge.png|,6,267,2018-01-26T01:03:59Z,26870381,|LukeMan927|,0
248,|File:Gadget Hackwrench in Chipwrecked Shipmunks.png|,6,269,2018-01-26T01:04:33Z,26870381,|LukeMan927|,0
242,|File:Gadget Hackwrench in Piratsy Under the Seas.png|,6,263,2018-01-26T01:01:02Z,26870381,|LukeMan927|,0
686,|File:Gadget Hackwrench in Pound of the Baskervilles.png|,6,841,2018-10-18T18:43:43Z,26870381,|LukeMan927|,0
426,|File:Gadget Hackwrench in Risky Beesness.png|,6,466,2018-01-29T03:02:58Z,26870381,|LukeMan927|,0
659,|File:Gadget Hackwrench in Seer No Evil.png|,6,778,2018-04-28T20:37:10Z,26870381,|LukeMan927|,0
244,|File:Gadget Hackwrench in The Carpetsnaggers.png|,6,265,2018-01-26T01:02:17Z,26870381,|LukeMan927|,0
245,|File:Gadget Hackwrench in The Luck Stops Here.png|,6,266,2018-01-26T01:02:27Z,26870381,|LukeMan927|,0
249,|File:Gadget Hackwrench in The S.S. Drainpipe.png|,6,270,2018-01-26T01:04:48Z,26870381,|LukeMan927|,0
250,|File:Gadget Hackwrench in They Shoot Dogs, Don't They.png|,6,271,2018-01-26T01:05:02Z,26870381,|LukeMan927|,0
719,|File:Gadget Hackwrench in Three Men and a Booby.png|,6,881,2019-01-27T17:19:26Z,26870381,|LukeMan927|,0
671,|File:Gadget Hackwrench in When You Fish Upon a Star.png|,6,796,2018-06-18T00:25:11Z,26870381,|LukeMan927|,0
315,|File:Haven Paschall.jpg|,6,341,2018-01-26T18:18:41Z,26870381,|LukeMan927|,0
490,|File:Heather Hogwarsh.jpg|,6,539,2018-01-31T20:07:06Z,26870381,|LukeMan927|,0
491,|File:Heather Hogwarsh in Super Pig.jpg|,6,540,2018-01-31T20:07:58Z,26870381,|LukeMan927|,0
298,|File:Johnny Bravo.jpg|,6,320,2018-01-26T15:47:15Z,26870381,|LukeMan927|,0
300,|File:Johnny Bravo (TV Series).jpg|,6,322,2018-01-26T15:50:32Z,26870381,|LukeMan927|,0
301,|File:Johnny Bravo in Cartoon Network Commercial.jpg|,6,323,2018-01-26T15:50:37Z,26870381,|LukeMan927|,0
303,|File:Johnny Bravo in JBVO.jpg|,6,325,2018-01-26T15:51:15Z,26870381,|LukeMan927|,0
302,|File:Johnny Bravo in Staylongers.jpg|,6,324,2018-01-26T15:51:10Z,26870381,|LukeMan927|,0
299,|File:Johnny Bravo in What a Cartoon.jpg|,6,321,2018-01-26T15:50:27Z,26870381,|LukeMan927|,0
304,|File:Johnny Bravo in the Eggo Commercial.jpg|,6,326,2018-01-26T15:51:19Z,26870381,|LukeMan927|,0
713,|File:Kasumi Tendo.png|,6,874,2018-12-07T13:25:29Z,26870381,|LukeMan927|,0
714,|File:Kasumi Tendo (TV Series).jpg|,6,875,2018-12-07T14:08:40Z,26870381,|LukeMan927|,0
715,|File:Kasumi Tendo (Video Game).jpg|,6,876,2018-12-07T14:08:48Z,26870381,|LukeMan927|,0
716,|File:Kasumi Tendo Bikini.jpg|,6,877,2018-12-07T14:32:49Z,26870381,|LukeMan927|,0
585,|File:Kate Higgins.png|,6,687,2018-02-28T20:12:30Z,26870381,|LukeMan927|,0
492,|File:Keiko Kuroha.jpg|,6,541,2018-01-31T20:08:06Z,26870381,|LukeMan927|,0
562,|File:Kodachi Kuno-0.jpg|,6,650,2018-02-13T16:10:02Z,26870381,|LukeMan927|,0
561,|File:Kodachi Kuno.jpg|,6,649,2018-02-13T16:09:45Z,26870381,|LukeMan927|,0
563,|File:Kodachi Kuno.png|,6,651,2018-02-13T16:10:09Z,26870381,|LukeMan927|,0
382,|File:Lita-0.jpg|,6,414,2018-01-27T23:49:42Z,26870381,|LukeMan927|,0
372,|File:Lita.jpg|,6,404,2018-01-27T23:43:01Z,26870381,|LukeMan927|,0
381,|File:Lita Angry.png|,6,413,2018-01-27T23:49:37Z,26870381,|LukeMan927|,0
648,|File:Lita Asks the Girls to Split Up.jpg|,6,765,2018-04-24T04:05:27Z,26870381,|LukeMan927|,0
380,|File:Lita Kino.jpg|,6,412,2018-01-27T23:49:30Z,26870381,|LukeMan927|,0
437,|File:Littlefoot.png|,6,481,2018-01-30T01:40:54Z,26870381,|LukeMan927|,0
687,|File:Littlefoot in The Land Before Time.jpg|,6,843,2018-10-19T00:58:06Z,26870381,|LukeMan927|,0
700,|File:Littlefoot in The Land Before Time (Series).jpg|,6,856,2018-10-19T00:59:54Z,26870381,|LukeMan927|,0
696,|File:Littlefoot in The Land Before Time 10 The Great Longneck Migration.jpg|,6,852,2018-10-19T00:59:18Z,26870381,|LukeMan927|,0
697,|File:Littlefoot in The Land Before Time 11 Invasion of the Tinysauruses.jpg|,6,853,2018-10-19T00:59:26Z,26870381,|LukeMan927|,0
698,|File:Littlefoot in The Land Before Time 12 The Great Day of the Flyers.jpg|,6,854,2018-10-19T00:59:40Z,26870381,|LukeMan927|,0
699,|File:Littlefoot in The Land Before Time 13 The Wisdom of Friends.jpg|,6,855,2018-10-19T00:59:46Z,26870381,|LukeMan927|,0
702,|File:Littlefoot in The Land Before Time 14 Journey of the Brave-0.jpg|,6,858,2018-10-19T01:00:15Z,26870381,|LukeMan927|,0
701,|File:Littlefoot in The Land Before Time 14 Journey of the Brave.jpg|,6,857,2018-10-19T01:00:08Z,26870381,|LukeMan927|,0
688,|File:Littlefoot in The Land Before Time 2 The Great Valley Adventure.jpg|,6,844,2018-10-19T00:58:14Z,26870381,|LukeMan927|,0
689,|File:Littlefoot in The Land Before Time 3 The Time of the Great Giving.jpg|,6,845,2018-10-19T00:58:22Z,26870381,|LukeMan927|,0
690,|File:Littlefoot in The Land Before Time 4 Journey Through the Mists.jpg|,6,846,2018-10-19T00:58:33Z,26870381,|LukeMan927|,0
691,|File:Littlefoot in The Land Before Time 5 The Mysterious Island.jpg|,6,847,2018-10-19T00:58:39Z,26870381,|LukeMan927|,0
692,|File:Littlefoot in The Land Before Time 6 The Secret of Saurus Rock.jpg|,6,848,2018-10-19T00:58:45Z,26870381,|LukeMan927|,0
693,|File:Littlefoot in The Land Before Time 7 The Stone of Cold Fire.jpg|,6,849,2018-10-19T00:58:52Z,26870381,|LukeMan927|,0
694,|File:Littlefoot in The Land Before Time 8 The Big Freeze.jpg|,6,850,2018-10-19T00:59:03Z,26870381,|LukeMan927|,0
695,|File:Littlefoot in The Land Before Time 9 Journey to Big Water.jpg|,6,851,2018-10-19T00:59:08Z,26870381,|LukeMan927|,0
402,|File:Littlefoot n arlo-rescue-rangers-50039250ebf42.jpg|,6,437,2018-01-28T01:46:28Z,26870381,|LukeMan927|,0
596,|File:May-0.jpg|,6,698,2018-03-04T02:34:27Z,26870381,|LukeMan927|,0
595,|File:May.jpg|,6,697,2018-03-04T02:34:20Z,26870381,|LukeMan927|,0
589,|File:May (TV Series).jpg|,6,691,2018-03-04T02:33:22Z,26870381,|LukeMan927|,0
588,|File:May Anime Artwork.png|,6,690,2018-03-04T02:33:12Z,26870381,|LukeMan927|,0
591,|File:May in Pokemon Destiny Deoxys.jpg|,6,693,2018-03-04T02:33:38Z,26870381,|LukeMan927|,0
590,|File:May in Pokemon Jirachi Wish Maker.jpg|,6,692,2018-03-04T02:33:31Z,26870381,|LukeMan927|,0
592,|File:May in Pokemon Lucario and the Mystery of Mew.jpg|,6,694,2018-03-04T02:33:51Z,26870381,|LukeMan927|,0
594,|File:May in Pokemon Ranger and the Temple of the Sea.jpg|,6,696,2018-03-04T02:34:12Z,26870381,|LukeMan927|,0
593,|File:May in The Mastermind of Mirage Pokemon.jpg|,6,695,2018-03-04T02:34:06Z,26870381,|LukeMan927|,0
310,|File:Michelle Ruff.jpg|,6,336,2018-01-26T16:44:36Z,26870381,|LukeMan927|,0
369,|File:Misty-0.jpg|,6,399,2018-01-27T19:26:05Z,26870381,|LukeMan927|,0
357,|File:Misty.jpg|,6,387,2018-01-27T19:19:00Z,26870381,|LukeMan927|,0
358,|File:Misty (TV Series).jpg|,6,388,2018-01-27T19:21:15Z,26870381,|LukeMan927|,0
368,|File:Misty in Kids WB.jpg|,6,398,2018-01-27T19:25:41Z,26870381,|LukeMan927|,0
361,|File:Misty in Pokemon 3 the Movie.jpg|,6,391,2018-01-27T19:23:17Z,26870381,|LukeMan927|,0
363,|File:Misty in Pokemon 4Ever.jpg|,6,393,2018-01-27T19:23:30Z,26870381,|LukeMan927|,0
365,|File:Misty in Pokemon Chronicles.jpg|,6,395,2018-01-27T19:23:49Z,26870381,|LukeMan927|,0
364,|File:Misty in Pokemon Heroes.jpg|,6,394,2018-01-27T19:23:39Z,26870381,|LukeMan927|,0
362,|File:Misty in Pokemon Mewtwo Returns.jpg|,6,392,2018-01-27T19:23:24Z,26870381,|LukeMan927|,0
359,|File:Misty in Pokemon the First Movie.jpg|,6,389,2018-01-27T19:21:21Z,26870381,|LukeMan927|,0
360,|File:Misty in Pokemon the Movie 2000.jpg|,6,390,2018-01-27T19:21:27Z,26870381,|LukeMan927|,0
366,|File:Misty in The Mastermind of Mirage Pokemon.jpg|,6,396,2018-01-27T19:24:04Z,26870381,|LukeMan927|,0
88,|File:Nanao Ise.jpg|,6,91,2018-01-25T21:38:39Z,26870381,|LukeMan927|,0
89,|File:Nanao Ise (TV Series).jpg|,6,92,2018-01-25T21:39:11Z,26870381,|LukeMan927|,0
92,|File:Nanao Ise Angry.png|,6,95,2018-01-25T21:39:33Z,26870381,|LukeMan927|,0
91,|File:Nanao Ise Bikini.png|,6,94,2018-01-25T21:39:26Z,26870381,|LukeMan927|,0
90,|File:Nanao Ise in Bleach The DiamondDust Rebellion.jpg|,6,93,2018-01-25T21:39:19Z,26870381,|LukeMan927|,0
646,|File:Natsumi Gets Trapped.jpg|,6,763,2018-04-19T16:20:13Z,26870381,|LukeMan927|,0
273,|File:New-sailor-Perdita.jpg|,6,295,2018-01-26T15:32:07Z,26870381,|LukeMan927|,0
230,|File:Olivia121.jpg|,6,250,2018-01-26T00:54:57Z,26870381,|LukeMan927|,0
231,|File:Olivia122.jpg|,6,251,2018-01-26T00:55:03Z,26870381,|LukeMan927|,0
232,|File:Olivia123.jpg|,6,252,2018-01-26T00:55:08Z,26870381,|LukeMan927|,0
233,|File:Olivia124.jpg|,6,253,2018-01-26T00:55:14Z,26870381,|LukeMan927|,0
228,|File:Olivia Flaversham.jpg|,6,248,2018-01-26T00:53:50Z,26870381,|LukeMan927|,0
229,|File:Olivia Flaversham in The Great Mouse Detective.jpg|,6,249,2018-01-26T00:54:50Z,26870381,|LukeMan927|,0
577,|File:Peggy Jones.png|,6,674,2018-02-22T05:32:15Z,26870381,|LukeMan927|,0
650,|File:Perdita.jpg|,6,768,2018-04-24T04:10:36Z,26870381,|LukeMan927|,0
649,|File:Perdita.png|,6,767,2018-04-24T04:08:30Z,26870381,|LukeMan927|,0
651,|File:Perdita in One Hundred and One Dalmatians.jpg|,6,769,2018-04-24T04:10:42Z,26870381,|LukeMan927|,0
652,|File:Perdita in One Hundred and One Dalmatians 2 Patch's London Adventure.jpg|,6,770,2018-04-24T04:10:48Z,26870381,|LukeMan927|,0
574,|File:Peter and the creatures.jpg|,6,671,2018-02-21T05:05:56Z,26870381,|LukeMan927|,0
306,|File:Pokemon (200Movies human style).jpg|,6,329,2018-01-26T15:53:31Z,26870381,|LukeMan927|,0
388,|File:Pokemon advance 200movies.jpg|,6,422,2018-01-28T01:32:12Z,26870381,|LukeMan927|,0
390,|File:Pokemon chorinece 200Movies.png|,6,424,2018-01-28T01:34:28Z,26870381,|LukeMan927|,0
400,|File:Pokemon sun and Moon 200Movies Poster.jpg|,6,435,2018-01-28T01:43:25Z,26870381,|LukeMan927|,0
395,|File:Pokemon xy 200Movies.jpg|,6,429,2018-01-28T01:38:26Z,26870381,|LukeMan927|,0
581,|File:Pongo doo were are you.png|,6,679,2018-02-27T14:03:26Z,26870381,|LukeMan927|,0
641,|File:Powered Buttercup.png|,6,755,2018-04-08T18:30:18Z,26870381,|LukeMan927|,0
449,|File:Rai-0.jpg|,6,495,2018-01-30T14:19:39Z,26870381,|LukeMan927|,0
448,|File:Rai.jpg|,6,494,2018-01-30T14:18:37Z,26870381,|LukeMan927|,0
450,|File:Rai Angry.jpg|,6,496,2018-01-30T14:20:01Z,26870381,|LukeMan927|,0
445,|File:Rai Bravo.jpg|,6,491,2018-01-30T14:11:09Z,26870381,|LukeMan927|,0
667,|File:Raye Betting Serena and her Mouth Mannerly.jpg|,6,791,2018-05-30T01:38:10Z,26870381,|LukeMan927|,0
223,|File:Raye Chuckles.jpg|,6,243,2018-01-26T00:48:44Z,26870381,|LukeMan927|,0
556,|File:Raye Gets Trapped.jpg|,6,643,2018-02-11T15:51:26Z,26870381,|LukeMan927|,0
220,|File:Raye Hino-0.jpg|,6,240,2018-01-26T00:48:19Z,26870381,|LukeMan927|,0
707,|File:Raye Hino-1.jpg|,6,866,2018-11-10T02:31:07Z,26870381,|LukeMan927|,0
211,|File:Raye Hino.jpg|,6,231,2018-01-26T00:45:29Z,26870381,|LukeMan927|,0
553,|File:Raye Hino Startled.jpg|,6,637,2018-02-10T01:16:38Z,26870381,|LukeMan927|,0
224,|File:Raye Kisses Chad.jpg|,6,244,2018-01-26T00:48:51Z,26870381,|LukeMan927|,0
222,|File:Raye Mad.jpg|,6,242,2018-01-26T00:48:35Z,26870381,|LukeMan927|,0
665,|File:Raye Mean to Serena.png|,6,788,2018-05-30T01:37:19Z,26870381,|LukeMan927|,0
221,|File:Raye Shocked.png|,6,241,2018-01-26T00:48:28Z,26870381,|LukeMan927|,0
547,|File:Raye Tells Amy About Her Dream.jpg|,6,623,2018-02-06T19:43:32Z,26870381,|LukeMan927|,0
210,|File:Rei Hino.png|,6,230,2018-01-26T00:44:25Z,26870381,|LukeMan927|,0
597,|File:Rica Matsumoto.jpg|,6,700,2018-03-04T14:47:29Z,26870381,|LukeMan927|,0
355,|File:Riruka Dokugamine.png|,6,385,2018-01-27T19:17:48Z,26870381,|LukeMan927|,0
356,|File:Riruka Dokugamine (TV Series).jpg|,6,386,2018-01-27T19:18:03Z,26870381,|LukeMan927|,0
415,|File:Ron Stoppable.jpg|,6,452,2018-01-28T21:41:17Z,26870381,|LukeMan927|,0
416,|File:Ron Stoppable (TV Series).jpg|,6,453,2018-01-28T21:41:25Z,26870381,|LukeMan927|,0
425,|File:Ron Stoppable Angry.jpg|,6,463,2018-01-28T21:46:26Z,26870381,|LukeMan927|,0
417,|File:Ron Stoppable in Kim Possible A Sitch in Time.jpg|,6,454,2018-01-28T21:41:32Z,26870381,|LukeMan927|,0
419,|File:Ron Stoppable in Kim Possible Movie So The Drama.jpg|,6,456,2018-01-28T21:41:51Z,26870381,|LukeMan927|,0
421,|File:Ron Stoppable in Kim Possible What's the Switch.jpg|,6,458,2018-01-28T21:42:28Z,26870381,|LukeMan927|,0
418,|File:Ron Stoppable in Lilo & Stitch.jpg|,6,455,2018-01-28T21:41:39Z,26870381,|LukeMan927|,0
162,|File:Rukia Kuchiki.png|,6,181,2018-01-25T23:40:04Z,26870381,|LukeMan927|,0
163,|File:Rukia Kuchiki (TV Series).jpg|,6,182,2018-01-26T00:02:57Z,26870381,|LukeMan927|,0
171,|File:Rukia Kuchiki Bikini.jpg|,6,190,2018-01-26T00:17:53Z,26870381,|LukeMan927|,0
168,|File:Rukia Kuchiki in Bleach Fade to Black.jpg|,6,187,2018-01-26T00:17:30Z,26870381,|LukeMan927|,0
169,|File:Rukia Kuchiki in Bleach Hell Verse.jpg|,6,188,2018-01-26T00:17:37Z,26870381,|LukeMan927|,0
165,|File:Rukia Kuchiki in Bleach Memories of Nobody.jpg|,6,184,2018-01-26T00:03:09Z,26870381,|LukeMan927|,0
164,|File:Rukia Kuchiki in Bleach Shattered Blade.jpg|,6,183,2018-01-26T00:03:02Z,26870381,|LukeMan927|,0
167,|File:Rukia Kuchiki in Bleach Soul Resurreccion.jpg|,6,186,2018-01-26T00:17:20Z,26870381,|LukeMan927|,0
166,|File:Rukia Kuchiki in Bleach The DiamondDust Rebellion.jpg|,6,185,2018-01-26T00:17:12Z,26870381,|LukeMan927|,0
170,|File:Rukia Kuchiki in J-Stars Victory Vs+.jpg|,6,189,2018-01-26T00:17:45Z,26870381,|LukeMan927|,0
373,|File:Sailor Jupiter (TV Series).jpg|,6,405,2018-01-27T23:47:39Z,26870381,|LukeMan927|,0
378,|File:Sailor Jupiter in Pretty Guardian Sailor Moon Crystal.jpg|,6,410,2018-01-27T23:49:13Z,26870381,|LukeMan927|,0
377,|File:Sailor Jupiter in Pretty Soldier Sailor Moon.jpg|,6,409,2018-01-27T23:49:00Z,26870381,|LukeMan927|,0
374,|File:Sailor Jupiter in Sailor Moon R the Movie.jpg|,6,406,2018-01-27T23:48:37Z,26870381,|LukeMan927|,0
375,|File:Sailor Jupiter in Sailor Moon S the Movie.jpg|,6,407,2018-01-27T23:48:46Z,26870381,|LukeMan927|,0
376,|File:Sailor Jupiter in Sailor Moon Super S the Movie.jpg|,6,408,2018-01-27T23:48:53Z,26870381,|LukeMan927|,0
379,|File:Sailor Jupiter in the Ford Commercial.jpg|,6,411,2018-01-27T23:49:19Z,26870381,|LukeMan927|,0
212,|File:Sailor Mars (TV Series).jpg|,6,232,2018-01-26T00:46:30Z,26870381,|LukeMan927|,0
532,|File:Sailor Mars Slaps sailor Moon.gif|,6,596,2018-02-02T18:08:20Z,26424341,|Ninosechi|,0
708,|File:Sailor Mars in An Uncharmed Life.png|,6,867,2018-11-10T02:31:18Z,26870381,|LukeMan927|,0
219,|File:Sailor Mars in Beach Blanket Bungle.png|,6,239,2018-01-26T00:48:11Z,26870381,|LukeMan927|,0
709,|File:Sailor Mars in Molly's Folly.png|,6,868,2018-11-10T02:31:28Z,26870381,|LukeMan927|,0
217,|File:Sailor Mars in Pretty Guardian Sailor Moon Crystal.jpg|,6,237,2018-01-26T00:47:05Z,26870381,|LukeMan927|,0
216,|File:Sailor Mars in Pretty Soldier Sailor Moon.jpg|,6,236,2018-01-26T00:46:59Z,26870381,|LukeMan927|,0
213,|File:Sailor Mars in Sailor Moon R the Movie.jpg|,6,233,2018-01-26T00:46:36Z,26870381,|LukeMan927|,0
214,|File:Sailor Mars in Sailor Moon S the Movie.jpg|,6,234,2018-01-26T00:46:43Z,26870381,|LukeMan927|,0
215,|File:Sailor Mars in Sailor Moon Super S the Movie.jpg|,6,235,2018-01-26T00:46:51Z,26870381,|LukeMan927|,0
218,|File:Sailor Mars in the Ford Commercial.jpg|,6,238,2018-01-26T00:47:12Z,26870381,|LukeMan927|,0
466,|File:Sailor Mercury.jpg|,6,513,2018-01-31T15:58:44Z,26870381,|LukeMan927|,0
459,|File:Sailor Mercury (TV Series).jpg|,6,506,2018-01-31T15:57:46Z,26870381,|LukeMan927|,0
464,|File:Sailor Mercury in Pretty Guardian Sailor Moon Crystal.jpg|,6,511,2018-01-31T15:58:24Z,26870381,|LukeMan927|,0
463,|File:Sailor Mercury in Pretty Soldier Sailor Moon.jpg|,6,510,2018-01-31T15:58:17Z,26870381,|LukeMan927|,0
460,|File:Sailor Mercury in Sailor Moon R the Movie.jpg|,6,507,2018-01-31T15:57:55Z,26870381,|LukeMan927|,0
461,|File:Sailor Mercury in Sailor Moon S the Movie.jpg|,6,508,2018-01-31T15:58:03Z,26870381,|LukeMan927|,0
462,|File:Sailor Mercury in Sailor Moon Super S the Movie.jpg|,6,509,2018-01-31T15:58:10Z,26870381,|LukeMan927|,0
465,|File:Sailor Mercury in the Ford Commercial.jpg|,6,512,2018-01-31T15:58:32Z,26870381,|LukeMan927|,0
189,|File:Sailor Moon.gif|,6,209,2018-01-26T00:27:25Z,26870381,|LukeMan927|,0
176,|File:Sailor Moon (TV Series).jpg|,6,196,2018-01-26T00:24:20Z,26870381,|LukeMan927|,0
711,|File:Sailor Moon in Beach Blanket Bungle.png|,6,871,2018-12-07T13:20:12Z,26870381,|LukeMan927|,0
712,|File:Sailor Moon in No Prince Charming.png|,6,872,2018-12-07T13:20:19Z,26870381,|LukeMan927|,0
181,|File:Sailor Moon in Pretty Guardian Sailor Moon Crystal.jpg|,6,201,2018-01-26T00:25:33Z,26870381,|LukeMan927|,0
180,|File:Sailor Moon in Pretty Soldier Sailor Moon.jpg|,6,200,2018-01-26T00:25:27Z,26870381,|LukeMan927|,0
177,|File:Sailor Moon in Sailor Moon R the Movie.jpg|,6,197,2018-01-26T00:24:29Z,26870381,|LukeMan927|,0
178,|File:Sailor Moon in Sailor Moon S the Movie.jpg|,6,198,2018-01-26T00:24:34Z,26870381,|LukeMan927|,0
179,|File:Sailor Moon in Sailor Moon Super S the Movie.jpg|,6,199,2018-01-26T00:25:21Z,26870381,|LukeMan927|,0
182,|File:Sailor Moon in the Ford Commercial.jpg|,6,202,2018-01-26T00:25:39Z,26870381,|LukeMan927|,0
442,|File:Sarah Natochenny.jpg|,6,486,2018-01-30T02:51:00Z,26870381,|LukeMan927|,0
710,|File:Serena.jpg|,6,870,2018-12-07T13:20:05Z,26870381,|LukeMan927|,0
187,|File:Serena Angry-0.jpg|,6,207,2018-01-26T00:27:04Z,26870381,|LukeMan927|,0
184,|File:Serena Angry.jpg|,6,204,2018-01-26T00:25:55Z,26870381,|LukeMan927|,0
684,|File:Serena Concerned.jpg|,6,836,2018-08-06T01:43:51Z,26870381,|LukeMan927|,0
191,|File:Serena Gets Trapped.jpg|,6,211,2018-01-26T00:27:39Z,26870381,|LukeMan927|,0
185,|File:Serena Mad.jpg|,6,205,2018-01-26T00:26:49Z,26870381,|LukeMan927|,0
188,|File:Serena Sad.jpg|,6,208,2018-01-26T00:27:14Z,26870381,|LukeMan927|,0
683,|File:Serena Stunned.jpg|,6,835,2018-08-06T01:42:46Z,26870381,|LukeMan927|,0
183,|File:Serena Surprised.jpg|,6,203,2018-01-26T00:25:49Z,26870381,|LukeMan927|,0
190,|File:Serena Tsukino-0.jpg|,6,210,2018-01-26T00:27:32Z,26870381,|LukeMan927|,0
175,|File:Serena Tsukino.jpg|,6,195,2018-01-26T00:22:31Z,26870381,|LukeMan927|,0
602,|File:Serena Yells at Haruna.jpg|,6,712,2018-03-17T05:05:20Z,26870381,|LukeMan927|,0
186,|File:Serena eating ice cream.jpg|,6,206,2018-01-26T00:26:57Z,26870381,|LukeMan927|,0
471,|File:Simon Seville.png|,6,518,2018-01-31T16:01:49Z,26870381,|LukeMan927|,0
484,|File:Simon Seville Mad.jpg|,6,531,2018-01-31T16:07:04Z,26870381,|LukeMan927|,0
480,|File:Simon Seville in A Chipmunk Celebration.jpg|,6,527,2018-01-31T16:05:30Z,26870381,|LukeMan927|,0
473,|File:Simon Seville in A Chipmunk Christmas.jpg|,6,520,2018-01-31T16:03:43Z,26870381,|LukeMan927|,0
476,|File:Simon Seville in A Chipmunk Reunion.jpg|,6,523,2018-01-31T16:04:15Z,26870381,|LukeMan927|,0
474,|File:Simon Seville in Alvin and The Chipmunks.jpg|,6,521,2018-01-31T16:03:54Z,26870381,|LukeMan927|,0
479,|File:Simon Seville in Alvin and The Chipmunks Trick or Treason.jpg|,6,526,2018-01-31T16:05:10Z,26870381,|LukeMan927|,0
482,|File:Simon Seville in Alvin and the Chipmunks Meet Frankenstein.jpg|,6,529,2018-01-31T16:06:39Z,26870381,|LukeMan927|,0
483,|File:Simon Seville in Alvin and the Chipmunks Meet the Wolfman.jpg|,6,530,2018-01-31T16:06:54Z,26870381,|LukeMan927|,0
478,|File:Simon Seville in Cartoon All-Stars to the Rescue.jpg|,6,525,2018-01-31T16:05:01Z,26870381,|LukeMan927|,0
475,|File:Simon Seville in I Love the Chipmunks Valentine Special.jpg|,6,522,2018-01-31T16:04:05Z,26870381,|LukeMan927|,0
472,|File:Simon Seville in The Alvin Show.jpg|,6,519,2018-01-31T16:03:31Z,26870381,|LukeMan927|,0
477,|File:Simon Seville in The Chipmunk Adventure.jpg|,6,524,2018-01-31T16:04:27Z,26870381,|LukeMan927|,0
481,|File:Simon Seville in The Easter Chipmunk.jpg|,6,528,2018-01-31T16:06:29Z,26870381,|LukeMan927|,0
669,|File:Sincerity Travers.jpg|,6,793,2018-06-07T05:09:14Z,26870381,|LukeMan927|,0
668,|File:Sincerity Travers.png|,6,792,2018-06-07T05:08:32Z,26870381,|LukeMan927|,0
567,|File:Susan Roman.jpg|,6,661,2018-02-15T15:22:19Z,26870381,|LukeMan927|,0
486,|File:Tara Jayne.jpg|,6,533,2018-01-31T16:09:55Z,26870381,|LukeMan927|,0
498,|File:Tatsuki Arisawa.png|,6,554,2018-01-31T21:10:15Z,26870381,|LukeMan927|,0
499,|File:Tatsuki Arisawa (TV Series).jpg|,6,555,2018-01-31T21:11:00Z,26870381,|LukeMan927|,0
500,|File:Tatsuki Arisawa in Bleach Hell Verse.jpg|,6,556,2018-01-31T21:11:06Z,26870381,|LukeMan927|,0
341,|File:Tea Gardner.png|,6,370,2018-01-27T18:13:56Z,26870381,|LukeMan927|,0
346,|File:Tea Gardner in Kids WB.jpg|,6,375,2018-01-27T18:15:05Z,26870381,|LukeMan927|,0
342,|File:Tea Gardner in Yu-Gi-Oh!.jpg|,6,371,2018-01-27T18:14:33Z,26870381,|LukeMan927|,0
348,|File:Tea Gardner in Yu-Gi-Oh! Capsule Monster Coliseum.jpg|,6,377,2018-01-27T18:15:22Z,26870381,|LukeMan927|,0
347,|File:Tea Gardner in Yu-Gi-Oh! Capsule Monsters.jpg|,6,376,2018-01-27T18:15:14Z,26870381,|LukeMan927|,0
343,|File:Tea Gardner in Yu-Gi-Oh! Duel Monsters.jpg|,6,372,2018-01-27T18:14:41Z,26870381,|LukeMan927|,0
344,|File:Tea Gardner in Yu-Gi-Oh! Movie (1999).jpg|,6,373,2018-01-27T18:14:49Z,26870381,|LukeMan927|,0
349,|File:Tea Gardner in Yu-Gi-Oh! The Dark Side of Dimensions.jpg|,6,378,2018-01-27T18:15:31Z,26870381,|LukeMan927|,0
345,|File:Tea Gardner in Yu-Gi-Oh! The Movie Pyramid of Light.jpg|,6,374,2018-01-27T18:14:56Z,26870381,|LukeMan927|,0
422,|File:Theppg200movies style.jpg|,6,460,2018-01-28T21:44:46Z,26870381,|LukeMan927|,0
397,|File:Tom Kane.jpg|,6,432,2018-01-28T01:40:46Z,26870381,|LukeMan927|,0
434,|File:Tracey Sketchit-0.png|,6,475,2018-01-29T03:08:39Z,26870381,|LukeMan927|,0
435,|File:Tracey Sketchit-1.png|,6,476,2018-01-29T03:09:07Z,26870381,|LukeMan927|,0
427,|File:Tracey Sketchit.png|,6,468,2018-01-29T03:07:01Z,26870381,|LukeMan927|,0
428,|File:Tracey Sketchit (TV Series).jpg|,6,469,2018-01-29T03:07:50Z,26870381,|LukeMan927|,0
430,|File:Tracey Sketchit in Pokemon 3 the Movie.jpg|,6,471,2018-01-29T03:08:08Z,26870381,|LukeMan927|,0
431,|File:Tracey Sketchit in Pokemon 4Ever.jpg|,6,472,2018-01-29T03:08:15Z,26870381,|LukeMan927|,0
432,|File:Tracey Sketchit in Pokemon Chronicles.jpg|,6,473,2018-01-29T03:08:22Z,26870381,|LukeMan927|,0
429,|File:Tracey Sketchit in Pokemon the Movie 2000.jpg|,6,470,2018-01-29T03:08:00Z,26870381,|LukeMan927|,0
433,|File:Tracey Sketchit in the Pokemon Shorts.jpg|,6,474,2018-01-29T03:08:32Z,26870381,|LukeMan927|,0
454,|File:Tress MacNeille.jpg|,6,501,2018-01-30T19:28:54Z,26870381,|LukeMan927|,0
137,|File:Tuxedo Mask (TV Series).jpg|,6,152,2018-01-25T23:07:19Z,26870381,|LukeMan927|,0
141,|File:Tuxedo Mask in Pretty Guardian Sailor Moon Crystal.jpg|,6,156,2018-01-25T23:09:04Z,26870381,|LukeMan927|,0
138,|File:Tuxedo Mask in Sailor Moon R the Movie.jpg|,6,153,2018-01-25T23:08:16Z,26870381,|LukeMan927|,0
139,|File:Tuxedo Mask in Sailor Moon S the Movie.jpg|,6,154,2018-01-25T23:08:28Z,26870381,|LukeMan927|,0
140,|File:Tuxedo Mask in Sailor Moon Super S the Movie.jpg|,6,155,2018-01-25T23:08:39Z,26870381,|LukeMan927|,0
405,|File:Velma Dinkley.png|,6,441,2018-01-28T19:19:34Z,26870381,|LukeMan927|,0
408,|File:Velma Dinkley in Johnny Bravo.jpg|,6,444,2018-01-28T19:21:12Z,26870381,|LukeMan927|,0
406,|File:Velma Dinkley in Scooby Doo, Where Are You.jpg|,6,442,2018-01-28T19:20:49Z,26870381,|LukeMan927|,0
410,|File:Velma Dinkley in Scooby Doo on Zombie Island-0.jpg|,6,446,2018-01-28T19:21:27Z,26870381,|LukeMan927|,0
409,|File:Velma Dinkley in Scooby Doo on Zombie Island.jpg|,6,445,2018-01-28T19:21:20Z,26870381,|LukeMan927|,0
407,|File:Velma Dinkley in The Scooby Doo Show.jpg|,6,443,2018-01-28T19:21:05Z,26870381,|LukeMan927|,0
270,|File:Veronica Taylor.jpg|,6,292,2018-01-26T15:15:06Z,26870381,|LukeMan927|,0
557,|File:Veronika Neugebauer.jpg|,6,645,2018-02-12T03:05:16Z,26870381,|LukeMan927|,0
40,|File:Wiki.png|,6,40,2018-01-25T21:27:50Z,32769624,|FANDOM|,34
40,|File:Wiki.png|,6,84,2018-01-25T21:27:52Z,32769624,|FANDOM|,34
204,|File:Yoruichi Saving Soifon.jpg|,6,224,2018-01-26T00:41:07Z,26870381,|LukeMan927|,0
196,|File:Yoruichi Shihoin.jpg|,6,216,2018-01-26T00:39:21Z,26870381,|LukeMan927|,0
198,|File:Yoruichi Shihoin (Cat Form).jpg|,6,218,2018-01-26T00:40:05Z,26870381,|LukeMan927|,0
199,|File:Yoruichi Shihoin (TV Series).jpg|,6,219,2018-01-26T00:40:10Z,26870381,|LukeMan927|,0
195,|File:Yoruichi Shihoin Bikini.jpg|,6,215,2018-01-26T00:38:32Z,26870381,|LukeMan927|,0
197,|File:Yoruichi Shihoin Cat.jpg|,6,217,2018-01-26T00:39:27Z,26870381,|LukeMan927|,0
203,|File:Yoruichi Shihoin in Bleach Fade to Black.jpg|,6,223,2018-01-26T00:41:02Z,26870381,|LukeMan927|,0
200,|File:Yoruichi Shihoin in Bleach Shattered Blade.jpg|,6,220,2018-01-26T00:40:17Z,26870381,|LukeMan927|,0
202,|File:Yoruichi Shihoin in Bleach Soul Resurreccion.jpg|,6,222,2018-01-26T00:40:56Z,26870381,|LukeMan927|,0
201,|File:Yoruichi Shihoin in Bleach The DiamondDust Rebellion.jpg|,6,221,2018-01-26T00:40:28Z,26870381,|LukeMan927|,0
142,|File:Young Darien in Sailor Moon.jpg|,6,157,2018-01-25T23:09:15Z,26870381,|LukeMan927|,0
143,|File:Young Darien in Sailor Moon R the Movie.jpg|,6,158,2018-01-25T23:09:21Z,26870381,|LukeMan927|,0
420,|File:Young Ron Stoppable.jpg|,6,457,2018-01-28T21:42:19Z,26870381,|LukeMan927|,0
569,|File:Yuri Shiratori.jpg|,6,663,2018-02-18T21:11:00Z,26870381,|LukeMan927|,0
80,|MediaWiki:Mainpage|,8,81,2018-01-25T21:27:48Z,32769624,|FANDOM|,14
38,|Template:!|,10,38,2018-01-25T21:27:50Z,32769624,|FANDOM|,46
72,|Template:!!|,10,72,2018-01-25T21:27:50Z,32769624,|FANDOM|,43
73,|Template:!!/doc|,10,73,2018-01-25T21:27:50Z,32769624,|FANDOM|,393
39,|Template:!/doc|,10,39,2018-01-25T21:27:50Z,32769624,|FANDOM|,387
41,|Template:CC-BY-SA|,10,41,2018-01-25T21:27:50Z,32769624,|FANDOM|,297
44,|Template:CC-BY-SA/doc|,10,44,2018-01-25T21:27:50Z,32769624,|FANDOM|,285
16,|Template:Cc-by-sa-3.0|,10,16,2018-01-25T21:27:50Z,32769624,|FANDOM|,719
26,|Template:Cc-by-sa-3.0/doc|,10,26,2018-01-25T21:27:50Z,32769624,|FANDOM|,441
48,|Template:Delete|,10,48,2018-01-25T21:27:50Z,32769624,|FANDOM|,474
47,|Template:Delete/doc|,10,47,2018-01-25T21:27:50Z,32769624,|FANDOM|,328
50,|Template:Disambig|,10,50,2018-01-25T21:27:50Z,32769624,|FANDOM|,702
49,|Template:Disambig/doc|,10,49,2018-01-25T21:27:50Z,32769624,|FANDOM|,438
18,|Template:Documentation|,10,18,2018-01-25T21:27:50Z,32769624,|FANDOM|,778
20,|Template:Documentation/doc|,10,20,2018-01-25T21:27:50Z,32769624,|FANDOM|,2023
5,|Template:Fairuse|,10,5,2018-01-25T21:27:50Z,32769624,|FANDOM|,270
23,|Template:Fairuse/doc|,10,23,2018-01-25T21:27:50Z,32769624,|FANDOM|,270
45,|Template:From Wikimedia|,10,45,2018-01-25T21:27:50Z,32769624,|FANDOM|,244
46,|Template:From Wikimedia/doc|,10,46,2018-01-25T21:27:50Z,32769624,|FANDOM|,361
64,|Template:Infobox album|,10,64,2018-01-25T21:27:50Z,32769624,|FANDOM|,517
63,|Template:Infobox album/doc|,10,63,2018-01-25T21:27:50Z,32769624,|FANDOM|,1109
53,|Template:Infobox book|,10,53,2018-01-25T21:27:50Z,32769624,|FANDOM|,613
51,|Template:Infobox book/doc|,10,51,2018-01-25T21:27:50Z,32769624,|FANDOM|,1038
62,|Template:Infobox character|,10,62,2018-01-25T21:27:50Z,32769624,|FANDOM|,1200
59,|Template:Infobox character/doc|,10,59,2018-01-25T21:27:50Z,32769624,|FANDOM|,1334
54,|Template:Infobox episode|,10,54,2018-01-25T21:27:50Z,32769624,|FANDOM|,679
52,|Template:Infobox episode/doc|,10,52,2018-01-25T21:27:50Z,32769624,|FANDOM|,1230
74,|Template:Infobox event|,10,74,2018-01-25T21:27:50Z,32769624,|FANDOM|,359
75,|Template:Infobox event/doc|,10,75,2018-01-25T21:27:50Z,32769624,|FANDOM|,837
57,|Template:Infobox item|,10,57,2018-01-25T21:27:50Z,32769624,|FANDOM|,458
56,|Template:Infobox item/doc|,10,56,2018-01-25T21:27:50Z,32769624,|FANDOM|,925
61,|Template:Infobox location|,10,61,2018-01-25T21:27:50Z,32769624,|FANDOM|,474
60,|Template:Infobox location/doc|,10,60,2018-01-25T21:27:50Z,32769624,|FANDOM|,1159
58,|Template:Infobox quest|,10,58,2018-01-25T21:27:50Z,32769624,|FANDOM|,705
55,|Template:Infobox quest/doc|,10,55,2018-01-25T21:27:50Z,32769624,|FANDOM|,944
66,|Template:Navbox|,10,66,2018-01-25T21:27:50Z,32769624,|FANDOM|,266
65,|Template:Navbox/doc|,10,65,2018-01-25T21:27:50Z,32769624,|FANDOM|,1812
42,|Template:Other free|,10,42,2018-01-25T21:27:50Z,32769624,|FANDOM|,211
43,|Template:Other free/doc|,10,43,2018-01-25T21:27:50Z,32769624,|FANDOM|,318
4,|Template:PD|,10,4,2018-01-25T21:27:50Z,32769624,|FANDOM|,201
27,|Template:PD/doc|,10,27,2018-01-25T21:27:50Z,32769624,|FANDOM|,283
12,|Template:Permission|,10,12,2018-01-25T21:27:50Z,32769624,|FANDOM|,248
24,|Template:Permission/doc|,10,24,2018-01-25T21:27:50Z,32769624,|FANDOM|,341
77,|Template:Quote|,10,77,2018-01-25T21:27:50Z,32769624,|FANDOM|,264
78,|Template:Quote/doc|,10,78,2018-01-25T21:27:50Z,32769624,|FANDOM|,1054
13,|Template:Self|,10,13,2018-01-25T21:27:50Z,32769624,|FANDOM|,221
25,|Template:Self/doc|,10,25,2018-01-25T21:27:50Z,32769624,|FANDOM|,309
36,|Template:T|,10,36,2018-01-25T21:27:50Z,32769624,|FANDOM|,579
21,|Template:T/doc|,10,21,2018-01-25T21:27:50Z,32769624,|FANDOM|,643
37,|Template:T/piece|,10,37,2018-01-25T21:27:50Z,32769624,|FANDOM|,127
22,|Template:T/piece/doc|,10,22,2018-01-25T21:27:50Z,32769624,|FANDOM|,294
654,|Category:101 Dalmatians Characters|,14,772,2018-04-24T04:13:28Z,26870381,|LukeMan927|,31
238,|Category:1986 Characters|,14,258,2018-01-26T00:57:49Z,26870381,|LukeMan927|,21
194,|Category:1992 Characters|,14,214,2018-01-26T00:32:19Z,26870381,|LukeMan927|,21
497,|Category:1994 Characters|,14,547,2018-01-31T20:11:02Z,26870381,|LukeMan927|,21
305,|Category:1997 Characters|,14,328,2018-01-26T15:53:02Z,26870381,|LukeMan927|,21
354,|Category:1998 Characters|,14,383,2018-01-27T18:19:54Z,26870381,|LukeMan927|,21
161,|Category:200Movies|,14,180,2018-01-25T23:37:17Z,26870381,|LukeMan927|,125
318,|Category:200Movies Heroes|,14,347,2018-01-27T02:16:50Z,26870381,|LukeMan927|,71
160,|Category:Account and Creator Spoof|,14,179,2018-01-25T23:36:36Z,26870381,|LukeMan927|,38
340,|Category:Alvin and the Chipmunks Characters|,14,369,2018-01-27T02:29:53Z,26870381,|LukeMan927|,40
576,|Category:Alvin and the Chipmunks TV Spoofs|,14,673,2018-02-21T05:07:03Z,26870381,|LukeMan927|,44
207,|Category:Animals|,14,227,2018-01-26T00:43:07Z,26870381,|LukeMan927|,8
147,|Category:Anime Characters|,14,164,2018-01-25T23:12:28Z,26870381,|LukeMan927|,24
539,|Category:Bears|,14,608,2018-02-05T03:56:15Z,26870381,|LukeMan927|,27
352,|Category:Beautiful Characters|,14,381,2018-01-27T18:19:24Z,26870381,|LukeMan927|,29
98,|Category:Black Haired Characters|,14,104,2018-01-25T21:43:56Z,26870381,|LukeMan927|,27
173,|Category:Bleach Characters|,14,192,2018-01-26T00:19:28Z,26870381,|LukeMan927|,23
158,|Category:Bleach TV Spoofs|,14,177,2018-01-25T23:35:43Z,26870381,|LukeMan927|,27
124,|Category:Bleach Voice Actors|,14,134,2018-01-25T22:02:23Z,26870381,|LukeMan927|,26
70,|Category:Blog posts|,14,70,2018-01-25T21:27:50Z,32769624,|FANDOM|,20
152,|Category:Blonde Haired Characters|,14,171,2018-01-25T23:16:13Z,26870381,|LukeMan927|,28
470,|Category:Blue Haired Characters|,14,517,2018-01-31T16:00:28Z,26870381,|LukeMan927|,26
538,|Category:Brown Characters|,14,607,2018-02-05T03:56:00Z,26870381,|LukeMan927|,25
351,|Category:Brown Haired Characters|,14,380,2018-01-27T18:19:12Z,26870381,|LukeMan927|,27
2,|Category:Browse|,14,2,2018-01-25T21:27:50Z,32769624,|FANDOM|,112
67,|Category:Candidates for deletion|,14,67,2018-01-25T21:27:50Z,32769624,|FANDOM|,138
206,|Category:Cats|,14,226,2018-01-26T00:43:00Z,26870381,|LukeMan927|,26
321,|Category:Characters|,14,350,2018-01-27T02:17:53Z,26870381,|LukeMan927|,83
323,|Category:Characters who wear glasses|,14,352,2018-01-27T02:18:53Z,26870381,|LukeMan927|,28
322,|Category:Characters who wear hats|,14,351,2018-01-27T02:18:15Z,26870381,|LukeMan927|,25
496,|Category:Characters with a bad temper|,14,546,2018-01-31T20:10:49Z,26870381,|LukeMan927|,29
253,|Category:Chip 'n Dale Rescue Rangers Characters|,14,274,2018-01-26T01:08:33Z,26870381,|LukeMan927|,44
404,|Category:Chip 'n Dale Rescue Rangers TV Spoofs|,14,439,2018-01-28T01:47:35Z,26870381,|LukeMan927|,48
457,|Category:Chip 'n Dale Rescue Rangers Voice Actors|,14,504,2018-01-30T19:32:02Z,26870381,|LukeMan927|,47
269,|Category:Clumsy Characters|,14,290,2018-01-26T02:54:45Z,26870381,|LukeMan927|,26
237,|Category:Cute Characters|,14,257,2018-01-26T00:57:34Z,26870381,|LukeMan927|,24
559,|Category:Deceased Voice Actors|,14,647,2018-02-12T03:07:25Z,26870381,|LukeMan927|,22
387,|Category:Dexter's Laboratory TV Spoofs|,14,421,2018-01-28T00:00:07Z,26870381,|LukeMan927|,40
272,|Category:Dinosaur King Voice Actors|,14,294,2018-01-26T15:24:59Z,26870381,|LukeMan927|,33
440,|Category:Dinosaurs|,14,484,2018-01-30T01:45:01Z,26870381,|LukeMan927|,31
68,|Category:Disambiguations|,14,68,2018-01-25T21:27:50Z,32769624,|FANDOM|,452
319,|Category:Disney Heroes|,14,348,2018-01-27T02:17:09Z,26870381,|LukeMan927|,71
320,|Category:Disney Voice Actors|,14,349,2018-01-27T02:17:32Z,26870381,|LukeMan927|,26
655,|Category:Dogs|,14,773,2018-04-24T04:13:43Z,26870381,|LukeMan927|,26
125,|Category:English Voice Actors|,14,135,2018-01-25T22:02:36Z,26870381,|LukeMan927|,24
95,|Category:Female Characters|,14,100,2018-01-25T21:41:48Z,26870381,|LukeMan927|,27
97,|Category:Female Heroes|,14,102,2018-01-25T21:42:31Z,26870381,|LukeMan927|,23
96,|Category:Females|,14,101,2018-01-25T21:42:18Z,26870381,|LukeMan927|,86
543,|Category:Funny Scenes|,14,614,2018-02-05T04:24:08Z,26870381,|LukeMan927|,22
560,|Category:German Voice Actors|,14,648,2018-02-12T03:07:36Z,26870381,|LukeMan927|,23
495,|Category:Grumpy Characters|,14,545,2018-01-31T20:10:24Z,26870381,|LukeMan927|,26
239,|Category:Handsome Characters|,14,260,2018-01-26T00:58:36Z,26870381,|LukeMan927|,28
69,|Category:Help|,14,69,2018-01-25T21:27:50Z,32769624,|FANDOM|,126
99,|Category:Heroes|,14,105,2018-01-25T21:44:23Z,26870381,|LukeMan927|,51
100,|Category:Heroines|,14,107,2018-01-25T21:44:40Z,26870381,|LukeMan927|,46
226,|Category:Hotheads|,14,246,2018-01-26T00:50:48Z,26870381,|LukeMan927|,9
71,|Category:Images|,14,71,2018-01-25T21:27:50Z,32769624,|FANDOM|,49
666,|Category:Insult Scenes|,14,790,2018-05-30T01:37:54Z,26870381,|LukeMan927|,26
571,|Category:Japanese Voice Actors|,14,665,2018-02-18T21:12:07Z,26870381,|LukeMan927|,25
309,|Category:Johnny Bravo Characters|,14,333,2018-01-26T15:55:53Z,26870381,|LukeMan927|,29
447,|Category:Johnny Bravo TV Spoofs|,14,493,2018-01-30T14:17:35Z,26870381,|LukeMan927|,33
193,|Category:Leaders|,14,213,2018-01-26T00:32:08Z,26870381,|LukeMan927|,8
155,|Category:Main Characters|,14,174,2018-01-25T23:17:44Z,26870381,|LukeMan927|,60
154,|Category:Main Protagonists|,14,173,2018-01-25T23:17:23Z,26870381,|LukeMan927|,54
148,|Category:Male Characters|,14,166,2018-01-25T23:13:10Z,26870381,|LukeMan927|,25
150,|Category:Male Heroes|,14,168,2018-01-25T23:13:53Z,26870381,|LukeMan927|,21
149,|Category:Males|,14,167,2018-01-25T23:13:42Z,26870381,|LukeMan927|,80
236,|Category:Mices|,14,256,2018-01-26T00:57:24Z,26870381,|LukeMan927|,27
658,|Category:Moms|,14,776,2018-04-24T04:16:41Z,26870381,|LukeMan927|,20
657,|Category:Mothers|,14,775,2018-04-24T04:16:25Z,26870381,|LukeMan927|,17
279,|Category:Movie Spoofs|,14,301,2018-01-26T15:35:10Z,26870381,|LukeMan927|,38
174,|Category:Ninjas|,14,193,2018-01-26T00:19:37Z,26870381,|LukeMan927|,7
579,|Category:One-time characters|,14,676,2018-02-22T05:42:30Z,26870381,|LukeMan927|,40
370,|Category:Orange Haired Characters|,14,401,2018-01-27T19:29:47Z,26870381,|LukeMan927|,28
441,|Category:Pink Characters|,14,485,2018-01-30T01:45:14Z,26870381,|LukeMan927|,24
122,|Category:Pokemon Characters|,14,132,2018-01-25T22:01:19Z,26870381,|LukeMan927|,24
308,|Category:Pokemon TV Spoofs|,14,331,2018-01-26T15:54:28Z,26870381,|LukeMan927|,28
123,|Category:Pokemon Voice Actors|,14,133,2018-01-25T22:01:44Z,26870381,|LukeMan927|,27
151,|Category:Pretty Girls|,14,169,2018-01-25T23:15:11Z,26870381,|LukeMan927|,21
153,|Category:Protagonists|,14,172,2018-01-25T23:17:06Z,26870381,|LukeMan927|,50
209,|Category:Purple Haired Characters|,14,229,2018-01-26T00:43:35Z,26870381,|LukeMan927|,28
565,|Category:Ranma Â½ Characters|,14,656,2018-02-13T18:12:26Z,26870381,|LukeMan927|,25
452,|Category:Red Haired Characters|,14,498,2018-01-30T14:21:53Z,26870381,|LukeMan927|,25
314,|Category:Romantic Scenes|,14,340,2018-01-26T18:17:08Z,26870381,|LukeMan927|,25
146,|Category:Sailor Moon Characters|,14,163,2018-01-25T23:12:14Z,26870381,|LukeMan927|,28
312,|Category:Sailor Moon Scenes|,14,338,2018-01-26T18:16:32Z,26870381,|LukeMan927|,24
275,|Category:Sailor Moon TV Spoofs|,14,297,2018-01-26T15:32:45Z,26870381,|LukeMan927|,32
121,|Category:Sailor Moon Voice Actors|,14,131,2018-01-25T22:01:06Z,26870381,|LukeMan927|,31
313,|Category:Scenes|,14,339,2018-01-26T18:16:54Z,26870381,|LukeMan927|,31
584,|Category:Scooby Doo, Where Are You! TV Spoofs|,14,682,2018-02-27T14:05:32Z,26870381,|LukeMan927|,47
413,|Category:Scooby Doo Characters|,14,449,2018-01-28T19:24:40Z,26870381,|LukeMan927|,27
583,|Category:Scooby Doo TV Spoofs|,14,681,2018-02-27T14:05:15Z,26870381,|LukeMan927|,37
587,|Category:Scooby Doo Voice Actors|,14,689,2018-02-28T20:14:51Z,26870381,|LukeMan927|,30
551,|Category:Shocking Scenes|,14,634,2018-02-09T03:37:21Z,26870381,|LukeMan927|,25
506,|Category:Sisters|,14,562,2018-01-31T21:17:00Z,26870381,|LukeMan927|,8
412,|Category:Smart Characters|,14,448,2018-01-28T19:23:39Z,26870381,|LukeMan927|,25
384,|Category:Strong Characters|,14,416,2018-01-27T23:52:20Z,26870381,|LukeMan927|,26
494,|Category:Super Pig Characters|,14,544,2018-01-31T20:10:01Z,26870381,|LukeMan927|,26
572,|Category:Super Pig Voice Actors|,14,667,2018-02-18T21:12:41Z,26870381,|LukeMan927|,29
208,|Category:Supporting Characters|,14,228,2018-01-26T00:43:21Z,26870381,|LukeMan927|,37
159,|Category:TV Spoofs|,14,178,2018-01-25T23:36:12Z,26870381,|LukeMan927|,38
453,|Category:Tai Chi Chasers Characters|,14,499,2018-01-30T14:22:12Z,26870381,|LukeMan927|,32
19,|Category:Template documentation|,14,19,2018-01-25T21:27:50Z,32769624,|FANDOM|,156
9,|Category:Templates|,14,9,2018-01-25T21:27:50Z,32769624,|FANDOM|,190
235,|Category:The Great Mouse Detective Characters|,14,255,2018-01-26T00:56:59Z,26870381,|LukeMan927|,42
278,|Category:The Great Mouse Detective Movie Spoofs|,14,300,2018-01-26T15:34:56Z,26870381,|LukeMan927|,49
439,|Category:The Land Before Time Characters|,14,483,2018-01-30T01:44:46Z,26870381,|LukeMan927|,37
456,|Category:The Land Before Time Voice Actors|,14,503,2018-01-30T19:30:28Z,26870381,|LukeMan927|,40
424,|Category:The Powerpuff Girls TV Spoofs|,14,462,2018-01-28T21:45:46Z,26870381,|LukeMan927|,40
399,|Category:The Powerpuff Girls Voice Actors|,14,434,2018-01-28T01:42:22Z,26870381,|LukeMan927|,39
414,|Category:Tomboys|,14,450,2018-01-28T19:25:35Z,26870381,|LukeMan927|,8
126,|Category:Voice Actors|,14,136,2018-01-25T22:02:53Z,26870381,|LukeMan927|,33
126,|Category:Voice Actors|,14,666,2018-02-18T21:12:22Z,26870381,|LukeMan927|,68
656,|Category:White Characters|,14,774,2018-04-24T04:13:55Z,26870381,|LukeMan927|,25
540,|Category:Yogi Bear Characters|,14,609,2018-02-05T03:56:31Z,26870381,|LukeMan927|,26
599,|Category:You're Under Arrest Voice Actors|,14,702,2018-03-04T14:56:38Z,26870381,|LukeMan927|,39
353,|Category:Yu-Gi-Oh Characters|,14,382,2018-01-27T18:19:40Z,26870381,|LukeMan927|,25
488,|Category:Yu-Gi-Oh Voice Actors|,14,536,2018-01-31T16:16:21Z,26870381,|LukeMan927|,28
29,|Blog:Recent posts|,502,29,2018-01-25T21:27:50Z,32769624,|FANDOM|,130
85,|Message Wall:LukeMan927|,1200,88,2018-01-25T21:38:21Z,32794352,|FANDOMbot|,0
81,|Message Wall:Ninosechi|,1200,82,2018-01-25T21:27:50Z,32794352,|FANDOMbot|,0
605,|Message Wall:Stephen Dr.|,1200,715,2018-03-23T05:02:32Z,32794352,|FANDOMbot|,0
604,|Thread:LukeMan927/@comment-28109145-20180323050231|,1201,714,2018-03-23T05:02:31Z,28109145,|Stephen Dr.|,127
86,|Thread:LukeMan927/@comment-32769624-20180125213822|,1201,89,2018-01-25T21:38:22Z,32769624,|FANDOM|,540
82,|Thread:Ninosechi/@comment-8-20180125212750|,1201,83,2018-01-25T21:27:50Z,8,|Sannse|,942
608,|Thread:Stephen Dr./@comment-28109145-20180323203923|,1201,718,2018-03-23T20:39:23Z,28109145,|Stephen Dr.|,77
609,|Thread:Stephen Dr./@comment-28109145-20180323203923/@comment-26870381-20180323204500|,1201,719,2018-03-23T20:45:00Z,26870381,|LukeMan927|,26
611,|Thread:Stephen Dr./@comment-28109145-20180323203923/@comment-26870381-20180323213324|,1201,721,2018-03-23T21:33:24Z,26870381,|LukeMan927|,14
613,|Thread:Stephen Dr./@comment-28109145-20180323203923/@comment-26870381-20180323213457|,1201,723,2018-03-23T21:34:57Z,26870381,|LukeMan927|,30
615,|Thread:Stephen Dr./@comment-28109145-20180323203923/@comment-26870381-20180323214542|,1201,725,2018-03-23T21:45:42Z,26870381,|LukeMan927|,51
617,|Thread:Stephen Dr./@comment-28109145-20180323203923/@comment-26870381-20180323215855|,1201,727,2018-03-23T21:58:55Z,26870381,|LukeMan927|,32
619,|Thread:Stephen Dr./@comment-28109145-20180323203923/@comment-26870381-20180324004608|,1201,729,2018-03-24T00:46:08Z,26870381,|LukeMan927|,30
621,|Thread:Stephen Dr./@comment-28109145-20180323203923/@comment-26870381-20180324005859|,1201,731,2018-03-24T00:58:59Z,26870381,|LukeMan927|,30
623,|Thread:Stephen Dr./@comment-28109145-20180323203923/@comment-26870381-20180324011220|,1201,733,2018-03-24T01:12:20Z,26870381,|LukeMan927|,27
625,|Thread:Stephen Dr./@comment-28109145-20180323203923/@comment-26870381-20180324011609|,1201,735,2018-03-24T01:16:09Z,26870381,|LukeMan927|,26
627,|Thread:Stephen Dr./@comment-28109145-20180323203923/@comment-26870381-20180324013520|,1201,737,2018-03-24T01:35:20Z,26870381,|LukeMan927|,35
629,|Thread:Stephen Dr./@comment-28109145-20180323203923/@comment-26870381-20180324014004|,1201,739,2018-03-24T01:40:04Z,26870381,|LukeMan927|,15
631,|Thread:Stephen Dr./@comment-28109145-20180323203923/@comment-26870381-20180324014220|,1201,741,2018-03-24T01:42:21Z,26870381,|LukeMan927|,48
633,|Thread:Stephen Dr./@comment-28109145-20180323203923/@comment-26870381-20180324015004|,1201,743,2018-03-24T01:50:04Z,26870381,|LukeMan927|,39
635,|Thread:Stephen Dr./@comment-28109145-20180323203923/@comment-26870381-20180324015646|,1201,745,2018-03-24T01:56:47Z,26870381,|LukeMan927|,15
637,|Thread:Stephen Dr./@comment-28109145-20180323203923/@comment-26870381-20180324021105|,1201,747,2018-03-24T02:11:05Z,26870381,|LukeMan927|,42
639,|Thread:Stephen Dr./@comment-28109145-20180323203923/@comment-26870381-20180324021504|,1201,749,2018-03-24T02:15:04Z,26870381,|LukeMan927|,4
610,|Thread:Stephen Dr./@comment-28109145-20180323203923/@comment-28109145-20180323204738|,1201,720,2018-03-23T20:47:38Z,28109145,|Stephen Dr.|,18
612,|Thread:Stephen Dr./@comment-28109145-20180323203923/@comment-28109145-20180323213411|,1201,722,2018-03-23T21:34:12Z,28109145,|Stephen Dr.|,39
614,|Thread:Stephen Dr./@comment-28109145-20180323203923/@comment-28109145-20180323213658|,1201,724,2018-03-23T21:36:59Z,28109145,|Stephen Dr.|,46
616,|Thread:Stephen Dr./@comment-28109145-20180323203923/@comment-28109145-20180323214918|,1201,726,2018-03-23T21:49:18Z,28109145,|Stephen Dr.|,18
618,|Thread:Stephen Dr./@comment-28109145-20180323203923/@comment-28109145-20180323220027|,1201,728,2018-03-23T22:00:27Z,28109145,|Stephen Dr.|,48
620,|Thread:Stephen Dr./@comment-28109145-20180323203923/@comment-28109145-20180324004943|,1201,730,2018-03-24T00:49:43Z,28109145,|Stephen Dr.|,16
622,|Thread:Stephen Dr./@comment-28109145-20180323203923/@comment-28109145-20180324010124|,1201,732,2018-03-24T01:01:24Z,28109145,|Stephen Dr.|,29
624,|Thread:Stephen Dr./@comment-28109145-20180323203923/@comment-28109145-20180324011439|,1201,734,2018-03-24T01:14:39Z,28109145,|Stephen Dr.|,55
626,|Thread:Stephen Dr./@comment-28109145-20180323203923/@comment-28109145-20180324011849|,1201,736,2018-03-24T01:18:49Z,28109145,|Stephen Dr.|,23
628,|Thread:Stephen Dr./@comment-28109145-20180323203923/@comment-28109145-20180324013906|,1201,738,2018-03-24T01:39:06Z,28109145,|Stephen Dr.|,34
630,|Thread:Stephen Dr./@comment-28109145-20180323203923/@comment-28109145-20180324014057|,1201,740,2018-03-24T01:40:57Z,28109145,|Stephen Dr.|,36
632,|Thread:Stephen Dr./@comment-28109145-20180323203923/@comment-28109145-20180324014425|,1201,742,2018-03-24T01:44:25Z,28109145,|Stephen Dr.|,26
634,|Thread:Stephen Dr./@comment-28109145-20180323203923/@comment-28109145-20180324015234|,1201,744,2018-03-24T01:52:34Z,28109145,|Stephen Dr.|,10
636,|Thread:Stephen Dr./@comment-28109145-20180323203923/@comment-28109145-20180324015848|,1201,746,2018-03-24T01:58:49Z,28109145,|Stephen Dr.|,20
638,|Thread:Stephen Dr./@comment-28109145-20180323203923/@comment-28109145-20180324021353|,1201,748,2018-03-24T02:13:53Z,28109145,|Stephen Dr.|,22
606,|Thread:Stephen Dr./@comment-32769624-20180323050233|,1201,716,2018-03-23T05:02:33Z,32769624,|FANDOM|,568
